index,Title,Date,Genre,orig_lang,Revenue($),Budget($),country,score
1,Rama Rama Kya Hai Drama,04-01-2008,comedy,Hindi,60000,1020,India,44
2,Humne Jeena Seekh Liya,04-01-2008,comedy,Hindi,180000,9900,India,87
3,Halla Bol,11-01-2008,social,Hindi,900000,680400,India,30
4,Bombay to Bangkok,18-01-2008,"romance,drama,comedy",Hindi,2520000,54000,India,50
5,Tulsi,18-01-2008,unknown,Hindi,12000,12900,India,68
6,Sunday,25-01-2008,"action,comedy",Hindi,60000,2040,India,36
7,Superstar,08-02-2008,drama,Hindi,18000,420,India,31
8,Jodhaa Akbar,15-02-2008,"romance,history",Hindi,180000,9900,India,90
9,Black and White,07-03-2008,"social,drama,history",Hindi,6240000,23349840,India,27
10,Race,21-03-2008,"crime,thriller",Hindi,2160000,10509420,India,33
11,One Two Three,28-03-2008,"drama,comedy",Hindi,4440000,6309420,India,74
12,Shaurya,04-04-2008,drama,Hindi,3600000,12657600,India,27
13,Krazzy 4,11-04-2008,comedy,Hindi,15840000,84297000,India,20
14,U Me Aur Hum,11-04-2008,romance,Hindi,9240000,41892420,India,73
15,Sirf,25-04-2008,"drama,romance",Hindi,14640000,73924350,India,42
16,Tashan,25-04-2008,"action,romance",Hindi,3360000,11748960,India,67
17,Mr. White Mr. Black,02-05-2008,comedy,Hindi,8520000,20756610,India,53
18,Anamika,02-05-2008,thriller,Hindi,21000000,62925120,India,40
19,Jimmy,09-05-2008,"crime,action,thriller,romance,drama",Hindi,66000,4200,India,31
20,Bhoothnath,09-05-2008,"fantasy,drama,comedy",Hindi,78000,6900,India,78
21,Jannat,16-05-2008,"drama,romance",Hindi,78000,48000,India,85
22,Don Muthu Swami,23-05-2008,comedy,Hindi,210000,6300,India,44
23,Woodstock Villa,30-05-2008,thriller,Hindi,150000,16500,India,80
24,Aamir,06-06-2008,"drama,thriller",Hindi,480000,120000,India,35
25,Sarkar Raj,06-06-2008,"crime,action,drama,thriller",Hindi,12000,3600,India,26
26,Mere Baap Pehle Aap,13-06-2008,comedy,Hindi,108000,7200,India,47
27,Summer 2007,13-06-2008,unknown,Hindi,18000,6000,India,76
28,De Taali,20-06-2008,"romance,comedy",Hindi,1320000,2498400,India,50
29,HaalÂ??eÂ??dil,20-06-2008,"drama,romance",Hindi,2520000,452400,India,73
30,Thoda Pyaar Thoda Magic,27-06-2008,"fantasy,drama,romance",Hindi,1440000,1207440,India,32
31,Thodi Life Thoda Magic,27-06-2008,drama,Hindi,600000,633600,India,74
32,Via Darjeeling,27-06-2008,"mystery,drama,thriller",Hindi,2400000,4698000,India,43
33,Jaane Tu... Ya Jaane Na,04-07-2008,romance,Hindi,390000,69600,India,23
34,Love Story 2050,04-07-2008,"musical,drama,romance",Hindi,1200000,2341920,India,93
35,Mehbooba,11-07-2008,romance,Hindi,420000,300000,India,43
36,Kismat Konnection,18-07-2008,"romance,drama,comedy",Hindi,480000,277200,India,27
37,Contract,18-07-2008,"spy,thriller",Hindi,210000,5100,India,39
38,Mission Istaanbul,25-07-2008,adventure,Hindi,3000000,1615350,India,24
39,Money Hai Toh Honey Hai,25-07-2008,"romance,drama,comedy",Hindi,540000,75600,India,42
40,Ugly Aur Pagli,01-08-2008,comedy,Hindi,6600000,5827200,India,88
41,Good Luck!,08-08-2008,unknown,Hindi,4080000,1545510,India,61
42,Singh Is Kinng,08-08-2008,"crime,romance,action,comedy",Hindi,4680000,919845,India,72
43,Bachna Ae Haseeno,15-08-2008,"romance,drama,comedy",Hindi,5160000,2167920,India,97
44,God Tussi Great Ho,15-08-2008,"romance,comedy",Hindi,2640000,10040520,India,79
45,Phoonk,22-08-2008,horror,Hindi,6600000,5948670,India,96
46,Mumbai Meri Jaan,22-08-2008,unknown,Hindi,5760000,6261000,India,91
47,Maan Gaye Mughal-e-Azam,22-08-2008,comedy,Hindi,1200000,3925200,India,33
48,Rock On!!,29-08-2008,"musical,drama,romance",Hindi,3720000,6143280,India,69
49,C Kkompany,29-08-2008,comedy,Hindi,1500000,7648860,India,90
50,Chamku,29-08-2008,"musical,romance,thriller",Hindi,3240000,5823000,India,85
51,Mukhbiir,29-08-2008,thriller,Hindi,4800000,10458210,India,55
52,A Wednesday!,05-09-2008,"drama,thriller",Hindi,4080000,2763840,India,53
53,Tahaan,05-09-2008,"adventure,drama",Hindi,12000,1680,India,62
54,1920,12-09-2008,"mystery,horror,romance,thriller",Hindi,12000,192,India,55
55,The Last Lear,12-09-2008,"biography,drama",Hindi,24000,4200,India,59
56,Welcome to Sajjanpur,19-09-2008,"drama,comedy",Hindi,600000,98400,India,82
57,Saas Bahu Aur Sensex,19-09-2008,comedy,Hindi,108000,870,India,61
58,Hari Puttar: A Comedy of Terrors,26-09-2008,comedy,Hindi,900000,436800,India,44
59,Kidnap,02-10-2008,"crime,thriller",Hindi,720000,86400,India,72
60,Drona,02-10-2008,"fantasy,adventure,action",Hindi,510000,40800,India,77
61,Hello,10-10-2008,"drama,romance",Hindi,870000,466800,India,86
62,Karzzzz,17-10-2008,"action,romance",Hindi,1320000,141600,India,92
63,Heroes,24-10-2008,drama,Hindi,660000,92400,India,70
64,Roadside Romeo,24-10-2008,"family,animation,romance",Hindi,120000,13500,India,30
65,Golmaal Returns,29-10-2008,comedy,Hindi,720000,720,India,68
66,Fashion,29-10-2008,"drama,romance",Hindi,450000,445200,India,71
67,EMI - Liya Hai Toh Chukana Parega,07-11-2008,"social,comedy",Hindi,270000,23700,India,58
68,Ek Vivaah... Aisa Bhi,07-11-2008,drama,Hindi,1080000,1251600,India,38
69,Dostana,14-11-2008,comedy,Hindi,540000,25200,India,86
70,Dasvidaniya,14-11-2008,"romance,musical,drama,comedy",Hindi,8520000,4773900,India,67
71,Deshdrohi,14-11-2008,politics,Hindi,3840000,4095600,India,98
72,Yuvvraaj,21-11-2008,"family,musical,drama,romance",Hindi,1800000,13125600,India,35
73,Oye Lucky! Lucky Oye!,28-11-2008,"drama,comedy",Hindi,3240000,4500240,India,33
74,Sorry Bhai!,28-11-2008,romance,Hindi,960000,35216.256,India,33
75,Maharathi,28-11-2008,thriller,Hindi,180000,2520,India,75
76,Dil Kabaddi,05-12-2008,"romance,comedy",Hindi,24000,12600,India,68
77,Meerabai Not Out,05-12-2008,drama,Hindi,18000,5700,India,94
78,"Oh, My God",05-12-2008,comedy,Hindi,1080000,3364800,India,51
79,Gumnaam Â?? The Mystery,05-12-2008,"mystery,thriller",Hindi,1200000,388800,India,25
80,Rab Ne Bana Di Jodi,12-12-2008,romance,Hindi,660000,34200,India,87
81,Wafaa,19-12-2008,"drama,romance",Hindi,690000,20400,India,23
82,Ghajini,26-12-2008,"action,thriller,mystery,romance,drama",Hindi,450000,278400,India,38
83,Jumbo,26-12-2008,animation,Hindi,480000,269760,India,55
84,Chandni Chowk to China,16-01-2009,"action,comedy",Hindi,1200000,896160,India,79
85,Aasma: The Sky Is the Limit,23-01-2009,drama,Hindi,720000,211560,India,67
86,Raaz Â?? The Mystery Continues,23-01-2009,horror,Hindi,480000,670800,India,27
87,Luck by Chance,30-01-2009,drama,Hindi,270000,190800,India,54
88,Victory,30-01-2009,sport,Hindi,2760000,2343000,India,67
89,Dev.D,06-02-2009,romance,Hindi,1440000,1593570,India,75
90,Chal Chala Chal,06-02-2009,comedy,Hindi,1080000,412800,India,91
91,Mere Khwabon Mein Jo Aaye,06-02-2009,"fantasy,musical,drama",Hindi,3000000,4802400,India,75
92,Billu,13-02-2009,drama,Hindi,12360000,14897460,India,29
93,The Stoneman Murders,13-02-2009,"crime,mystery,drama",Hindi,1140000,790470,India,80
94,Delhi-6,20-02-2009,"drama,romance",Hindi,3840000,3516060,India,47
95,Kisse Pyaar Karoon,27-02-2009,romance,Hindi,2640000,5197320,India,62
96,13B,06-03-2009,horror,Hindi,8040000,16214970,India,67
97,Dhoondte Reh Jaaoge,06-03-2009,comedy,Hindi,5520000,6122175,India,56
98,Karma Aur Holi,06-03-2009,drama,Hindi,900000,621300,India,54
99,Jai Veeru,13-03-2009,"action,comedy",Hindi,1680000,1241400,India,81
100,Little Zizou,13-03-2009,comedy,Hindi,1500000,1249200,India,29
101,Gulaal,13-03-2009,drama,Hindi,540000,190200,India,31
102,Aloo Chaat,20-03-2009,"comedy,romantic",Hindi,3000000,612555,India,42
103,Barah Aana,20-03-2009,drama,Hindi,3480000,4855200,India,33
104,Firaaq,20-03-2009,political,Hindi,1620000,1378275,India,40
105,Lottery,20-03-2009,comedy,Hindi,4200000,10221360,India,95
106,Straight,20-03-2009,"comedy,romantic",Hindi,10800000,12141840,India,88
107,Aa Dekhen Zara,27-03-2009,"action,thriller",Hindi,7440000,13251120,India,67
108,99,27-03-2009,comedy,Hindi,11160000,10664610,India,96
109,Ek: The Power of One,27-03-2009,"action,thriller",Hindi,1320000,2779800,India,95
110,8 x 10 Tasveer,03-04-2009,"action,thriller",Hindi,8760000,10920900,India,66
111,Ek Se Bure Do,10-04-2009,comedy,Hindi,4560000,2328360,India,97
112,Pal Pal Dil Ke Saath,10-04-2009,drama,Hindi,6240000,3134850,India,31
113,Coffee House,10-04-2009,drama,Hindi,3240000,2326800,India,51
114,School Days,10-04-2009,unknown,Hindi,1800000,5607120,India,65
115,Royal Utsav,10-04-2009,"historical,drama",Hindi,2640000,3835380,India,77
116,Chowrasta Crossroads of Love,17-04-2009,drama,Hindi,4200000,9600960,India,40
117,Meri Padosan,17-04-2009,comedy,Hindi,4920000,7413300,India,22
118,Sikandar,22-04-2009,social,Hindi,6000000,20347620,India,44
119,Sanam Teri Kasam,06-05-2009,"romance,comedy",Hindi,4920000,16956420,India,34
120,Team - The Force,06-05-2009,action,Hindi,7920000,19159680,India,54
121,Kal Kissne Dekha,12-06-2009,"comedy,social,drama,romance",Hindi,12600000,25988370,India,82
122,Zor Lagaa Ke...Haiya!,12-06-2009,unknown,Hindi,17040000,37325400,India,92
123,Let's Dance,19-06-2009,romance,Hindi,8160000,7895925,India,81
124,Paying Guests,19-06-2009,comedy,Hindi,1560000,3974100,India,27
125,New York,26-06-2009,"action,romance,thriller",Hindi,3120000,5089440,India,69
126,Kambakkht Ishq,03-07-2009,"romance,action,comedy",Hindi,180000,9600,India,61
127,Sankat City,10-07-2009,"dark,comedy",Hindi,30000,2040,India,90
128,Shortkut,10-07-2009,comedy,Hindi,180000,6300,India,88
129,Jashnn,17-07-2009,musical,Hindi,570000,27900,India,74
130,Luck,24-07-2009,"action,thriller",Hindi,18000,1560,India,96
131,Love Aaj Kal,31-07-2009,romance,Hindi,48000,2580,India,29
132,Agyaat,07-08-2009,horror,Hindi,150000,26100,India,50
133,Chal Chalein,07-08-2009,social,Hindi,1560000,982800,India,37
134,Teree Sang,10-08-2009,drama,Hindi,660000,60000,India,49
135,Kaminey,14-08-2009,drama,Hindi,180000,5100,India,83
136,Life Partner,14-08-2009,"romance,comedy",Hindi,960000,67200,India,87
137,Daddy Cool,28-08-2009,comedy,Hindi,10320000,21170640,India,47
138,Kisaan,28-08-2009,social,Hindi,4920000,3264300,India,61
139,Love Khichdi,28-08-2009,comedy,Hindi,5760000,14339700,India,52
140,Quick Gun Murugun,28-08-2009,comedy,Hindi,6000000,14876100,India,59
141,Toss,28-08-2009,thriller,Hindi,7320000,8522790,India,79
142,Yeh Mera India,28-08-2009,social,Hindi,9600000,7670550,India,34
143,"Three Â?? Love, Lies and Betrayal",03-09-2009,thriller,Hindi,8400000,10179360,India,56
144,Aagey Se Right,04-09-2009,comedy,Hindi,7560000,11646480,India,71
145,Chintu Ji,04-09-2009,comedy,Hindi,2160000,3981960,India,93
146,Fox,04-09-2009,drama,Hindi,5400000,11941740,India,48
147,Aamras,11-09-2009,drama,Hindi,9720000,12396360,India,62
148,Baabarr,11-09-2009,action,Hindi,11640000,23392200,India,97
149,Phir Kabhi,11-09-2009,drama,Hindi,13440000,14771400,India,54
150,Vaada Raha,11-09-2009,romance,Hindi,2520000,416400,India,38
151,Dil Bole Hadippa!,18-09-2009,"comedy,sport,romantic",Hindi,9480000,16297440,India,55
152,Wanted,18-09-2009,"action,romance",Hindi,12000000,11005200,India,51
153,Blue Oranges,18-09-2009,thriller,Hindi,4200000,2829600,India,38
154,What's Your Raashee?,25-09-2009,"comedy,romantic",Hindi,6000000,12434880,India,35
155,Do Knot Disturb,02-10-2009,"romance,comedy",Hindi,9000000,14981280,India,20
156,Wake Up Sid,02-10-2009,"comedy,romantic",Hindi,2160000,8294400,India,93
157,Acid Factory,09-10-2009,action,Hindi,7440000,6747150,India,38
158,All The Best: Fun Begins,16-10-2009,comedy,Hindi,6000000,6724860,India,59
159,Blue,16-10-2009,action,Hindi,9240000,23817300,India,71
160,Main Aurr Mrs Khanna,16-10-2009,"drama,romance",Hindi,10920000,15046200,India,51
161,Bal Ganesh 2,23-10-2009,animation,Hindi,2040000,6558210,India,24
162,Fruit and Nut,23-10-2009,comedy,Hindi,3840000,8139030,India,72
163,Love Ka Tadka,23-10-2009,"comedy,romantic",Hindi,3840000,9940530,India,76
164,London Dreams,30-10-2009,"musical,drama,romance,social",Hindi,7200000,9822240,India,79
165,Aladin,30-10-2009,fantasy,Hindi,4200000,7535040,India,21
166,Ajab Prem Ki Ghazab Kahani,06-11-2009,"romance,comedy",Hindi,2040000,3283800,India,60
167,Jail,06-11-2009,social,Hindi,3000000,1751430,India,33
168,Tum Mile,13-11-2009,romance,Hindi,6480000,9652320,India,62
169,Aao Wish Karein,13-11-2009,fantasy,Hindi,7800000,10267560,India,88
170,Kurbaan,20-11-2009,"romance,thriller",Hindi,4320000,10072680,India,77
171,Shaabash! You Can Do It,20-11-2009,"social,comedy,thriller",Hindi,5640000,13956420,India,36
172,Marega Salaa,20-11-2009,action,Hindi,8640000,22608600,India,78
173,De Dana Dan ,27-11-2009,comedy,Hindi,4200000,5552160,India,47
174,Radio,03-12-2009,musical,Hindi,5640000,3853050,India,63
175,Paa,04-12-2009,"family,drama",Hindi,9000000,24009600,India,22
176,Rocket Singh: Salesman of the Year,11-12-2009,comedy,Hindi,9960000,21928110,India,44
177,Raat Gayi Baat Gayi?,18-12-2009,drama,Hindi,1800000,2768730,India,53
178,3 Idiots,25-12-2009,comedy,Hindi,1320000,938490,India,29
179,Accident on Hill Road,31-12-2009,thriller,Hindi,3000000,14589300,India,58
180,Dulha Mil Gaya,08-01-2010,"comedy,romantic",Hindi,3720000,6194400,India,25
181,Pyaar Impossible!,08-01-2010,"comedy,romantic",Hindi,2400000,3189900,India,74
182,Chance Pe Dance,15-01-2010,"romance,comedy",Hindi,1920000,5098350,India,74
183,Hello! Hum Lallan Bol Rahe Hain,15-01-2010,comedy,Hindi,3720000,8569230,India,85
184,The Waiting Room,15-01-2010,thriller,Hindi,6120000,5555325,India,28
185,Veer,22-01-2010,"epic,film",Hindi,1200000,537600,India,30
186,Ishqiya,29-01-2010,"crime,romance,comedy",Hindi,1020000,166800,India,33
187,Rann,29-01-2010,drama,Hindi,2280000,4550400,India,86
188,Road to Sangam,29-01-2010,drama,Hindi,2280000,2544450,India,70
189,The Hangman,05-02-2010,drama,Hindi,120000,1920,India,34
190,Striker,05-02-2010,action,Hindi,1920000,1588560,India,48
191,My Name Is Khan,12-02-2010,drama,Hindi,960000,899640,India,78
192,Sukhmani,12-02-2010,drama,Hindi,2880000,1606500,India,75
193,Aakhari Decision,19-02-2010,action,Hindi,2400000,4348560,India,63
194,Click,19-02-2010,horror,Hindi,1320000,2026380,India,96
195,Toh Baat Pakki!,19-02-2010,comedy,Hindi,120000,34800,India,33
196,Karthik Calling Karthik,26-02-2010,thriller,Hindi,90000,1680,India,48
197,Teen Patti,26-02-2010,"drama,thriller",Hindi,24000,1680,India,37
198,Atithi Tum Kab Jaoge?,05-03-2010,comedy,Hindi,930000,133200,India,32
199,Hello Zindagi,05-03-2010,drama,Hindi,1440000,1610160,India,69
200,"Road, Movie",05-03-2010,drama,Hindi,1320000,501600,India,71
201,Rokkk,05-03-2010,thriller,Hindi,420000,29400,India,89
202,Thanks Maa,05-03-2010,drama,Hindi,1140000,1371720,India,34
203,Do Dilon Ke Khel Mein,12-03-2010,"comedy,romantic",Hindi,1260000,1338210,India,44
204,Hide & Seek,12-03-2010,thriller,Hindi,2400000,7536525,India,62
205,Na Ghar Ke Na Ghaat Ke,12-03-2010,comedy,Hindi,2040000,1577880,India,87
206,Right Yaaa Wrong,12-03-2010,action,Hindi,5520000,16669650,India,43
207,Trump Card,12-03-2010,"action,thriller",Hindi,30000,16500,India,45
208,Idiot Box,19-03-2010,drama,Hindi,300000,12900,India,81
209,Lahore,19-03-2010,"sport,social",Hindi,18000,4500,India,51
210,Love Sex aur Dhokha,19-03-2010,"found,footage",Hindi,15000,3900,India,61
211,Shaapit,19-03-2010,horror,Hindi,480000,7500,India,35
212,Hum Tum Aur Ghost,26-03-2010,comedy,Hindi,330000,24600,India,86
213,It's a Man's World,26-03-2010,social,Hindi,390000,51000,India,63
214,Mittal v/s Mittal,26-03-2010,romance,Hindi,120000,4800,India,29
215,My Friend Ganesha 3,26-03-2010,animation,Hindi,18000,9300,India,40
216,Prem Kaa Game,26-03-2010,comedy,Hindi,12000,10200,India,62
217,Well Done Abba,26-03-2010,social,Hindi,24000,14100,India,24
218,Pankh,02-04-2010,social,Hindi,18000,9900,India,73
219,Sadiyaan,02-04-2010,romance,Hindi,18000,15600,India,41
220,Tum Milo Toh Sahi,02-04-2010,"social,drama",Hindi,300000,20400,India,72
221,Jaane Kahan Se Aayi Hai,09-04-2010,"fantasy,romance,comedy",Hindi,96000,80400,India,89
222,Prince - It's Showtime,09-04-2010,"action,thriller",Hindi,270000,14100,India,36
223,The Japanese Wife,09-04-2010,romance,Hindi,1020000,160800,India,25
224,Paathshaala,16-04-2010,social,Hindi,24000,5400,India,61
225,Phoonk 2,16-04-2010,horror,Hindi,660000,54600,India,59
226,Apartment,23-04-2010,thriller,Hindi,3480000,13125360,India,82
227,Bird Idol,23-04-2010,animation,Hindi,30000,864,India,36
228,City of Gold,23-04-2010,social,Hindi,2160000,915600,India,29
229,Kuchh Kariye,23-04-2010,unknown,Hindi,1080000,2221500,India,77
230,Muskurake Dekh Zara,23-04-2010,"comedy,romantic",Hindi,4320000,6130440,India,75
231,Chase,30-04-2010,action,Hindi,2520000,2943120,India,67
232,Housefull,30-04-2010,comedy,Hindi,1320000,3866400,India,45
233,Badmaash Company,07-05-2010,"drama,romance",Hindi,2520000,5871900,India,38
234,It's a Wonderful Afterlife,07-05-2010,drama,Hindi,5880000,4455300,India,47
235,Admissions Open,14-05-2010,drama,Hindi,1680000,4716570,India,91
236,Bumm Bumm Bole,14-05-2010,"child,drama",Hindi,1020000,1405440,India,62
237,Kushti,14-05-2010,"romance,comedy",Hindi,2520000,1527600,India,46
238,Kites,21-05-2010,"romance,thriller",Hindi,3240000,7146420,India,66
239,Raajneeti,04-06-2010,"drama,political,thriller",Hindi,4320000,2464560,India,82
240,Ek Second... Jo Zindagi Badal De?,11-06-2010,thriller,Hindi,1320000,175200,India,24
241,Raavan,18-06-2010,"action,romance",Hindi,750000,477840,India,67
242,Krantiveer - The Revolution,25-06-2010,action,Hindi,2760000,4912440,India,85
243,Mr. Singh / Mrs. Mehta,25-06-2010,drama,Hindi,5040000,16951800,India,43
244,I Hate Luv Storys,02-07-2010,romance,Hindi,3600000,4659360,India,96
245,Milenge Milenge,09-07-2010,romance,Hindi,2400000,4654800,India,59
246,Red Alert: The War Within,09-07-2010,action,Hindi,720000,41400,India,62
247,Lamhaa,16-07-2010,action,Hindi,150000,1740,India,46
248,Tere Bin Laden,16-07-2010,comedy,Hindi,72000,2580,India,49
249,Udaan,16-07-2010,drama,Hindi,36000,64800,India,42
250,Khatta Meetha,23-07-2010,"romance,drama,comedy",Hindi,360000,64800,India,21
251,Once Upon a Time in Mumbaai,30-07-2010,"crime,action,romance,thriller",Hindi,2880000,8896200,India,22
252,Aisha,06-08-2010,romance,Hindi,4800000,5409000,India,91
253,Help,13-08-2010,horror,Hindi,570000,369870,India,23
254,Peepli Live,13-08-2010,"comedy,political",Hindi,1080000,992580,India,31
255,Lafangey Parindey,20-08-2010,romance,Hindi,90000,2400,India,28
256,Mr. Bhatti on Chutti,20-08-2010,comedy,Hindi,18000,3900,India,62
257,Hello Darling,27-08-2010,comedy,Hindi,360000,12000,India,53
258,Antardwand,27-08-2010,crime,Hindi,630000,146400,India,40
259,Life Express,27-08-2010,"family,drama",Hindi,24000,1500,India,65
260,Aashayein,27-08-2010,drama,Hindi,600000,27000,India,88
261,Soch Lo,27-08-2010,"mystery,suspense",Hindi,570000,544200,India,42
262,We Are Family,02-09-2010,"drama,romance",Hindi,720000,184800,India,89
263,Mallika,02-09-2010,horror,Hindi,30000,1200,India,62
264,The Film Emotional Atyachar,02-09-2010,drama,Hindi,330000,12000,India,90
265,Dabangg,10-09-2010,action,Hindi,30000,1380,India,50
266,Robot,01-10-2010,"science,fiction",Hindi,210000,1800,India,69
267,Anjaana Anjaani,01-10-2010,romance,Hindi,120000,1710,India,43
268,Khichdi: The Movie,01-10-2010,comedy,Hindi,51000,60000,India,72
269,Crook,08-10-2010,thriller,Hindi,180000,10800,India,58
270,Do Dooni Chaar,08-10-2010,comedy,Hindi,330000,68400,India,56
271,Aakrosh,15-10-2010,thriller,Hindi,450000,801285,India,35
272,Knock Out,15-10-2010,action,Hindi,270000,123144,India,28
273,Kajraare,15-10-2010,romance,Hindi,840000,4380,India,68
274,Ramayana: The Epic,15-10-2010,animation,Hindi,420000,68400,India,22
275,Hisss,15-10-2010,"horror,thriller",Hindi,900000,229200,India,81
276,Jhootha Hi Sahi,22-10-2010,romance,Hindi,390000,3900,India,27
277,Rakta Charitra - I,22-10-2010,biographical,Hindi,90000,780,India,71
278,Dunno Y... Na Jaane Kyon,22-10-2010,romance,Hindi,60000,30000,India,51
279,Maalik Ek,29-10-2010,"biographical,animation",Hindi,360000,21300,India,21
280,Nakshatra,29-10-2010,romance,Hindi,1800000,331200,India,68
281,Golmaal 3,29-10-2010,comedy,Hindi,1320000,286800,India,21
282,Action Replayy,05-11-2010,comedy,Hindi,240000,24000,India,51
283,A Flat,05-11-2010,thriller,Hindi,30000,4800,India,32
284,Ramaa: The Saviour,12-11-2010,"adventure,action",Hindi,180000,1860,India,39
285,Guzaarish,12-11-2010,romance,Hindi,5400000,20758800,India,26
286,"Shahrukh Bola ""Khoobsurat Hai Tu""",19-11-2010,thriller,Hindi,6480000,6781500,India,25
287,Diwangi Ne Had Kar Di,19-11-2010,"romance,thriller",Hindi,7800000,10791960,India,43
288,Allah Ke Banday,19-11-2010,thriller,Hindi,2640000,4203030,India,93
289,Bhindi Baazaar Inc.,26-11-2010,"crime,suspense,thriller",Hindi,2280000,7566000,India,28
290,Break Ke Baad,26-11-2010,romance,Hindi,6960000,10377060,India,41
291,Khuda Kasam,26-11-2010,action,Hindi,150000,63600,India,28
292,Khelein Hum Jee Jaan Sey,03-12-2010,period,Hindi,1440000,1476480,India,44
293,Phas Gaye Re Obama,03-12-2010,"crime,comedy",Hindi,2520000,1857480,India,54
294,Rakta Charitra - II,03-12-2010,biographical,Hindi,3360000,3467790,India,83
295,Band Baaja Baaraat,10-12-2010,"drama,romance",Hindi,3600000,3092400,India,84
296,No Problem,10-12-2010,comedy,Hindi,960000,1143600,India,73
297,332 Mumbai To India,17-12-2010,thriller,Hindi,1680000,1792200,India,55
298,Payback,17-12-2010,thriller,Hindi,1800000,1552770,India,33
299,Kaalo,17-12-2010,horror,Hindi,960000,230805,India,23
300,Mirch,17-12-2010,drama,Hindi,338400,544320,India,69
301,Tees Maar Khan,24-12-2010,"action,comedy",Hindi,15000,7200,India,46
302,Isi Life Mein,24-12-2010,drama,Hindi,180000,9900,India,34
303,Toonpur Ka Super Hero,24-12-2010,animated,Hindi,870000,128400,India,60
304,Tera Kya Hoga Johnny,31-12-2010,thriller,Hindi,1320000,172800,India,62
305,Ada... A Way of Life,31-12-2010,drama,Hindi,3480000,1624350,India,94
306,No One Killed Jessica,07-01-2011,"social,thriller",Hindi,2160000,3873360,India,91
307,Impatient Vivek,07-01-2011,"adult,romance,comedy",Hindi,480000,244800,India,73
308,Yamla Pagla Deewana,14-01-2011,"action,drama,comedy",Hindi,2520000,961200,India,21
309,Turning 30!!!,14-01-2011,"comedy,adult,romance",Hindi,1560000,1175520,India,94
310,Mumbai Mast Kallander,14-01-2011,comedy,Hindi,480000,199950,India,41
311,Odyssey of Persistence,18-01-2011,social,Hindi,2040000,459600,India,90
312,Dhobi Ghat,21-01-2011,drama,Hindi,1620000,5194800,India,77
313,Hostel,21-01-2011,social,Hindi,2400000,1152300,India,92
314,Dil Toh Baccha Hai Ji,28-01-2011,comedy,Hindi,720000,123600,India,93
315,Yeh Saali Zindagi,04-02-2011,cult,Hindi,450000,151200,India,98
316,United Six,04-02-2011,"action,thriller",Hindi,18000,9900,India,64
317,Utt Pataang,04-02-2011,comedy,Hindi,180000,22500,India,78
318,Patiala House,11-02-2011,"family,drama",Hindi,180000,3300,India,60
319,Angel,11-02-2011,drama,Hindi,120000,7200,India,33
320,Aashiqui.in,11-02-2011,romance,Hindi,270000,52800,India,28
321,7 Khoon Maaf,18-02-2011,"black,comedy,thriller",Hindi,120000,39600,India,38
322,Kaccha Limbo,18-02-2011,child,Hindi,240000,6300,India,62
323,Masti Express,18-02-2011,comedy,Hindi,300000,19800,India,90
324,Tanu Weds Manu,25-02-2011,"drama,romance",Hindi,150000,10200,India,48
325,Satrangee Parachute,25-02-2011,family,Hindi,120000,3900,India,61
326,Yeh Faasley,04-03-2011,drama,Hindi,240000,12600,India,38
327,Happy Husbands,25-03-2011,comedy,Hindi,420000,37200,India,37
328,Monica,25-03-2011,drama,Hindi,150000,1320,India,45
329,Game,01-04-2011,"mystery,action",Hindi,450000,508554,India,69
330,F.A.L.T.U,01-04-2011,"teen,satire,comedy,film",Hindi,108000,13200,India,45
331,Memories in March,01-04-2011,drama,Hindi,72000,2700,India,42
332,Thank You,08-04-2011,comedy,Hindi,180000,22800,India,88
333,Teen Thay Bhai,15-04-2011,drama,Hindi,210000,5700,India,94
334,Dum Maaro Dum,22-04-2011,thriller,Hindi,240000,13500,India,58
335,Zokkomon,22-04-2011,child,Hindi,180000,27300,India,73
336,Shor in the City,28-04-2011,"cult,drama",Hindi,180000,18600,India,66
337,Chalo Dilli,29-04-2011,"movie,road,comedy",Hindi,330000,67200,India,41
338,I Am,29-04-2011,"social,drama",Hindi,30000,1740,India,86
339,Naughty @ 40,29-04-2011,comedy,Hindi,360000,48000,India,68
340,Luv Ka The End,06-05-2011,"comedy,teen",Hindi,840000,160800,India,34
341,Haunted Â?? 3D,06-05-2011,horror,Hindi,60000,3600,India,40
342,Love U...Mr. Kalakaar!,13-05-2011,"comedy,romance",Hindi,30000,2100,India,70
343,Ragini MMS,13-05-2011,"horror,romance",Hindi,150000,1980,India,70
344,Shagird,13-05-2011,"action,drama",Hindi,360000,457200,India,95
345,Stanley Ka Dabba,13-05-2011,child,Hindi,660000,75900,India,71
346,404,20-05-2011,"psychological,thriller",Hindi,180000,14400,India,61
347,Pyar ka Punchnama,20-05-2011,"comedy,romance",Hindi,2640000,2134920,India,66
348,Kucch Luv Jaisaa,27-05-2011,"drama,comedy",Hindi,2400000,6587520,India,33
349,Ready,03-06-2011,comedy,Hindi,2640000,2664720,India,68
350,Shaitan,10-06-2011,"drama,thriller",Hindi,3000000,7682640,India,71
351,Bheja Fry 2,17-06-2011,comedy,Hindi,1920000,3951870,India,40
352,Always Kabhi Kabhi,17-06-2011,"teen,romance",Hindi,1680000,4974450,India,60
353,Bhindi Baazaar Inc.,17-06-2011,thriller,Hindi,1200000,7358400,India,27
354,Bin Bulaye Baraati,17-06-2011,crime,Hindi,4080000,670800,India,51
355,Double Dhamaal,24-06-2011,comedy,Hindi,240000,36600,India,70
356,Bbuddah... Hoga Terra Baap,01-07-2011,"action,comedy",Hindi,510000,46800,India,55
357,Delhi Belly,01-07-2011,"adult,comedy",Hindi,180000,3600,India,59
358,Murder 2,01-07-2011,"psychological,thriller",Hindi,90000,3600,India,98
359,Chillar Party,08-07-2011,child,Hindi,720000,70800,India,55
360,Zindagi Na Milegi Dobara,08-07-2011,"road,romance",Hindi,300000,112800,India,37
361,Singham,15-07-2011,action,Hindi,810000,1806720,India,87
362,Khap,22-07-2011,social,Hindi,480000,74400,India,51
363,Gandhi to Hitler,29-07-2011,biographical,Hindi,660000,24300,India,44
364,Bubble Gum,29-07-2011,drama,Hindi,3000000,2476200,India,68
365,Chala Mussaddi... Office Office,05-08-2011,"social,comedy",Hindi,18000,3900,India,63
366,I Am Kalam,05-08-2011,drama,Hindi,900000,519360,India,98
367,Milta Hai Chance By Chance,05-08-2011,"romance,comedy",Hindi,1200000,371610,India,22
368,Warning,05-08-2011,horror,Hindi,960000,370800,India,88
369,Aarakshan,12-08-2011,social,Hindi,660000,83952,India,45
370,Phhir,12-08-2011,thriller,Hindi,720000,132000,India,84
371,Chatur Singh Two Star,19-08-2011,comedy,Hindi,2520000,1098000,India,26
372,Not a Love Story,19-08-2011,crime,Hindi,1200000,2347200,India,40
373,Sahi Dhandhe Galat Bande,19-08-2011,comedy,Hindi,1380000,1150800,India,98
374,Chitkabrey Â?? Shades of Grey,26-08-2011,social,Hindi,1080000,736800,India,45
375,Shabri,26-08-2011,action,Hindi,120000,18300,India,79
376,Yeh Dooriyan,26-08-2011,romance,Hindi,1140000,150000,India,91
377,Bodyguard,31-08-2011,"action,romance",Hindi,2280000,2384100,India,36
378,Mummy Punjabi,31-08-2011,comedy,Hindi,720000,507600,India,39
379,That Girl in Yellow Boots,02-09-2011,social,Hindi,180000,5700,India,38
380,Mere Brother Ki Dulhan,09-09-2011,"comedy,romance",Hindi,420000,23400,India,46
381,Rivaaz,16-09-2011,social,Hindi,36000,900,India,86
382,Mausam,23-09-2011,romance,Hindi,210000,8100,India,75
383,Speedy Singhs,23-09-2011,drama,Hindi,18000,26400,India,53
384,U R My Jaan,23-09-2011,romance,Hindi,480000,13800,India,98
385,Force,30-09-2011,"action,romance",Hindi,240000,6300,India,87
386,Hum Tum Shabana,30-09-2011,"comedy,romance",Hindi,330000,48000,India,80
387,Saheb Biwi Aur Gangster,30-09-2011,"action,thriller",Hindi,240000,11100,India,91
388,Tere Mere Phere,30-09-2011,"comedy,romantic",Hindi,60000,6000,India,54
389,Chargesheet,30-09-2011,"drama,thriller",Hindi,1560000,116400,India,46
390,Na Jaane Kabse hum hi,30-09-2011,romance,Hindi,180000,11400,India,58
391,Rascals,06-10-2011,"action,comedy",Hindi,600000,18000,India,61
392,Love Breakups Zindagi,07-10-2011,romantic,Hindi,30000,7800,India,32
393,Mujhse Fraaandship Karoge,07-10-2011,"romance,comedy",Hindi,180000,10800,India,30
394,My Friend Pinto,07-10-2011,"comedy,crime,romance",Hindi,1200000,135600,India,90
395,Aazaan,14-10-2011,"action,thriller",Hindi,12000,3600,India,39
396,Ra.One,26-10-2011,"sci,fi",Hindi,150000,6000,India,31
397,Tell Me O Kkhuda,27-10-2011,drama,Hindi,210000,36000,India,70
398,Damadamm!,27-10-2011,comedy,Hindi,60000,1704,India,96
399,Loot,04-11-2011,comedy,Hindi,450000,21000,India,43
400,Miley Naa Miley Hum,04-11-2011,"drama,romance",Hindi,240000,9000,India,61
401,Rockstar,11-11-2011,"drama,romance",Hindi,420000,18000,India,98
402,Shakal Pe Mat Ja,18-11-2011,comedy,Hindi,3480000,6153720,India,70
403,Desi Boyz,25-11-2011,comedy,Hindi,750000,25200,India,31
404,The Dirty Picture,02-12-2011,drama,Hindi,450000,31200,India,98
405,Ladies vs Ricky Bahl,09-12-2011,comedy,Hindi,180000,17100,India,30
406,Jo Hum Chahein,16-12-2011,"drama,romance",Hindi,210000,13800,India,43
407,Don 2: The Chase Continues,23-12-2011,"action,thriller",Hindi,150000,6480,India,67
408,Players,06-01-2012,"action,thriller",Hindi,390000,6900,India,31
409,Chaalis Chauraasi 4084,13-01-2012,"crime,comedy",Hindi,84000,9000,India,83
410,Ghost,13-01-2012,"adult,horror",Hindi,54000,2160,India,46
411,Sadda Adda,13-01-2012,comedy,Hindi,240000,3000,India,76
412,Agneepath,26-01-2012,"action,drama",Hindi,30000,3000,India,24
413,Gali Gali Chor Hai,03-02-2012,drama,Hindi,18000,11400,India,74
414,Staying Alive,03-02-2012,social,Hindi,4320000,11296110,India,32
415,Love You To Death,03-02-2012,comedy,Hindi,1320000,612600,India,22
416,Ek Main Aur Ekk Tu,10-02-2012,"comedy,romance",Hindi,84000,2460,India,85
417,Valentine's Night,10-02-2012,"adult,romance,thriller",Hindi,180000,4200,India,62
418,Ekk Deewana Tha,17-02-2012,romance,Hindi,810000,1375200,India,38
419,?: A Question Mark,17-02-2012,"adult,horror",Hindi,60000,3060,India,76
420,Married 2 America,17-02-2012,drama,Hindi,3480000,5592900,India,95
421,Jodi Breakers,24-02-2012,romance,Hindi,96000,9900,India,75
422,Tere Naal Love Ho Gaya,24-02-2012,"comedy,romance",Hindi,108000,27600,India,47
423,"London, Paris, New York",02-03-2012,romance,Hindi,540000,117600,India,43
424,Paan Singh Tomar,02-03-2012,crime,Hindi,18000,11400,India,98
425,Will You Marry Me?,02-03-2012,romance,Hindi,24000,7800,India,73
426,Kahaani,09-03-2012,"drama,thriller",Hindi,390000,29400,India,84
427,Chaar Din Ki Chandni,09-03-2012,comedy,Hindi,900000,1621800,India,35
428,Say Yes to Love,16-03-2012,romance,Hindi,390000,37800,India,72
429,Akkad Bakkkad Bam Be Bo,16-03-2012,romance,Hindi,720000,63600,India,32
430,Zindagi Tere Naam,16-03-2012,romance,Hindi,420000,134400,India,29
431,Agent Vinod,23-03-2012,"suspense,thriller",Hindi,600000,126000,India,72
432,Blood Money,30-03-2012,thriller,Hindi,210000,8100,India,31
433,Bumboo,30-03-2012,comedy,Hindi,90000,3900,India,51
434,Housefull 2,05-04-2012,"action,comedy",Hindi,72000,4200,India,83
435,Bittoo Boss,13-04-2012,comedy,Hindi,36000,960,India,64
436,Chhodo Kal Ki Baatein,13-04-2012,comedy,Hindi,540000,34200,India,57
437,Ab Hoga Dharna Unlimited,13-04-2012,drama,Hindi,60000,510,India,55
438,Vicky Donor,20-04-2012,comedy,Hindi,840000,50400,India,20
439,Hate Story,20-04-2012,"adult,thriller",Hindi,1920000,147600,India,88
440,Tezz,27-04-2012,action,Hindi,540000,1118700,India,23
441,Life Ki Toh Lag Gayi,27-04-2012,comedy,Hindi,1020000,390000,India,24
442,Jannat 2,04-05-2012,"crime,thriller",Hindi,630000,1461600,India,78
443,Fatso!,04-05-2012,comedy,Hindi,4800000,5992680,India,50
444,The Forest,04-05-2012,horror,Hindi,780000,2151600,India,42
445,"Love, Lies & Seetha",04-05-2012,comedy,Hindi,1500000,1239225,India,96
446,Dangerous Ishq,11-05-2012,"romance,thriller",Hindi,2760000,4195800,India,82
447,Ishaqzaade,11-05-2012,romance,Hindi,1200000,4988400,India,29
448,Department,18-05-2012,"adult,action,crime",Hindi,2640000,1615200,India,65
449,Chhota Bheem And The Curse Of Damyaan,18-05-2012,animation,Hindi,2400000,7570920,India,87
450,Mr. Bhatti on Chutti,18-05-2012,"comedy,film",Hindi,5640000,4681140,India,45
451,Arjun: The Warrior Prince,25-05-2012,"computer,animated",Hindi,570000,810648,India,41
452,MLA,25-05-2012,crime,Hindi,600000,1327575,India,49
453,Rakhtbeej,25-05-2012,"comedy,romantic",Hindi,2160000,1470900,India,55
454,Yeh Khula Aasmaan,25-05-2012,romantic,Hindi,2160000,4570800,India,35
455,"Love, Wrinkle-free",25-05-2012,"adult,romantic",Hindi,2760000,1804920,India,25
456,Rowdy Rathore,01-06-2012,"action,comedy",Hindi,1560000,8141400,India,76
457,Shanghai,08-06-2012,"political,thriller",Hindi,4800000,6224640,India,81
458,Ferrari Ki Sawaari,15-06-2012,"drama,comedy",Hindi,3480000,5398980,India,71
459,Qasam Se Qasam Se,15-06-2012,romance,Hindi,870000,784548,India,38
460,Teri Meri Kahaani,22-06-2012,"comedy,romance",Hindi,930000,860625,India,45
461,Gangs of Wasseypur,22-06-2012,"adult,thriller,crime",Hindi,4680000,2995890,India,26
462,Maximum,29-06-2012,thriller,Hindi,2160000,544800,India,60
463,Bol Bachchan,06-07-2012,"action,comedy",Hindi,3720000,11431950,India,83
464,3 Bachelors,06-07-2012,comedy,Hindi,4440000,3568350,India,61
465,Cocktail,13-07-2012,romance,Hindi,3720000,4435800,India,48
466,Gattu,20-07-2012,child,Hindi,1080000,1242240,India,65
467,Challo Driver,20-07-2012,comedy,Hindi,150000,16200,India,68
468,Mere Dost Picture Abhi Baki Hai,20-07-2012,comedy,Hindi,210000,18630,India,56
469,Kyaa Super Kool Hai Hum,27-07-2012,"adult,comedy",Hindi,1800000,2459190,India,88
470,Aalaap,27-07-2012,social,Hindi,960000,745440,India,63
471,Overtime,27-07-2012,drama,Hindi,2640000,778200,India,58
472,Jism 2,03-08-2012,"adult,thriller",Hindi,1800000,456000,India,25
473,Krishna Aur Kans ,03-08-2012,"computer,animated",Hindi,780000,569790,India,33
474,Gangs of Wasseypur Â?? Part 2,08-08-2012,"adult,thriller,crime",Hindi,690000,946395,India,77
475,Paanch Ghantey Mien Paanch Crore,10-08-2012,thriller,Hindi,2520000,624000,India,94
476,Ek Tha Tiger,15-08-2012,"action,romance",Hindi,2280000,4331250,India,27
477,Shirin Farhad Ki Toh Nikal Padi,24-08-2012,"comedy,romance",Hindi,4320000,9090180,India,38
478,Joker,31-08-2012,drama,Hindi,6360000,19653600,India,29
479,Jalpari: The Desert Mermaid,31-08-2012,"social,thriller",Hindi,3600000,2152275,India,93
480,From Sydney with Love,31-08-2012,romantic,Hindi,5160000,8355600,India,23
481,I M 24,31-08-2012,comedy,Hindi,5400000,2131200,India,20
482,Raaz 3,07-09-2012,"adult,suspense,thriller",Hindi,2400000,3386400,India,95
483,Chal Pichchur Banate Hain,07-09-2012,comedy,Hindi,2160000,2592900,India,66
484,Barfi!,14-09-2012,"comedy,romance",Hindi,1080000,90000,India,92
485,Jeena Hai Toh Thok Daal,14-09-2012,drama,Hindi,1140000,145200,India,36
486,Heroine,21-09-2012,"adult,drama",Hindi,72000,5040,India,30
487,Kamaal Dhamaal Malamaal,28-09-2012,comedy,Hindi,84000,7800,India,49
488,Oh My God,28-09-2012,comedy,Hindi,2760000,6080580,India,87
489,English Vinglish,05-10-2012,drama,Hindi,24000,1680,India,96
490,Kismet Love Paisa Dilli,05-10-2012,comedy,Hindi,72000,6600,India,74
491,Aiyyaa,12-10-2012,"com,rom",Hindi,360000,9000,India,94
492,Makkhi,12-10-2012,"fantasy,action",Hindi,420000,34800,India,28
493,Login,12-10-2012,"drama,thriller",Hindi,480000,9000,India,57
494,Chittagong,12-10-2012,drama,Hindi,120000,2100,India,59
495,Bhoot Returns,12-10-2012,horror,Hindi,450000,11700,India,22
496,Student of the Year,19-10-2012,"comedy,romance",Hindi,24000,6000,India,33
497,Delhi Safari,19-10-2012,"computer,animated",Hindi,660000,247200,India,36
498,Chakravyuh,24-10-2012,"political,thriller",Hindi,12000,1044,India,70
499,Ajab Gazabb Love,26-10-2012,comedy,Hindi,540000,9000,India,69
500,Rush,26-10-2012,"crime,thriller",Hindi,66000,660,India,23
501,Luv Shuv Tey Chicken Khurana,02-11-2012,comedy,Hindi,4560000,4601040,India,97
502,1920: The Evil Returns,02-11-2012,horror,Hindi,2640000,514950,India,51
503,Ata Pata Laapata,02-11-2012,"musical,comedy",Hindi,1200000,81600,India,35
504,Sons Of Ram,02-11-2012,"child,animation,drama",Hindi,3600000,3346800,India,82
505,Future To Bright Hai Ji,02-11-2012,drama,Hindi,2160000,751500,India,71
506,Jab Tak Hai Jaan,13-11-2012,"drama,romance",Hindi,810000,141450,India,66
507,Son Of Sardaar,13-11-2012,comedy,Hindi,1200000,232800,India,82
508,Talaash,30-11-2012,"suspense,drama",Hindi,480000,25800,India,75
509,Khiladi 786,07-12-2012,"action,comedy",Hindi,600000,52800,India,53
510,Cigarette Ki Tarah,14-12-2012,"drama,thriller",Hindi,600000,15000,India,76
511,Dabangg 2,21-12-2012,"action,comedy",Hindi,1800000,529200,India,94
512,Table No. 21,04-01-2013,"drama,thriller",Hindi,3000000,3962640,India,30
513,Dehraadun Diary,04-01-2013,thriller,Hindi,960000,213600,India,41
514,Meri Shadi Karao,04-01-2013,comedy,Hindi,120000,25200,India,86
515,Matru Ki Bijlee Ka Mandola,11-01-2013,comedy,Hindi,210000,21000,India,71
516,Pyaar Mein Aisa Hota Hai,11-01-2013,thriller,Hindi,120000,1710,India,91
517,Gangoobai,11-01-2013,drama,Hindi,180000,17100,India,43
518,Inkaar,18-01-2013,"crime,romance",Hindi,180000,3720,India,23
519,Mumbai Mirror,18-01-2013,action,Hindi,120000,840,India,58
520,Bandook,18-01-2013,crime,Hindi,48000,420,India,34
521,Race 2,25-01-2013,"action,thriller",Hindi,1320000,314400,India,64
522,Akaash Vani,25-01-2013,romance,Hindi,18000,16800,India,35
523,Main Krishna Hoon,25-01-2013,"musical,animation",Hindi,24000,13200,India,81
524,David,01-02-2013,crime,Hindi,1080000,52200,India,23
525,Vishwaroop,01-02-2013,action,Hindi,24000,16800,India,54
526,Mai...,01-02-2013,"family,drama",Hindi,270000,24600,India,53
527,Listen... Amaya,01-02-2013,drama,Hindi,2160000,2120010,India,63
528,Special 26,08-02-2013,"drama,comedy",Hindi,1440000,1723284,India,31
529,The Unsound,08-02-2013,thriller,Hindi,1080000,1196694,India,54
530,Jayantabhai Ki Luv Story,15-02-2013,"romance,comedy",Hindi,3600000,2027880,India,80
531,Murder 3,15-02-2013,thriller,Hindi,2760000,2061270,India,23
532,Kai Po Che!,22-02-2013,drama,Hindi,360000,3300,India,30
533,Zilla Ghaziabad,22-02-2013,action,Hindi,360000,26400,India,62
534,"I, Me, aur Main",01-03-2013,"comedy,romantic",Hindi,60000,2340,India,26
535,Bloody Isshq,01-03-2013,"romance,thriller",Hindi,2280000,230820,India,85
536,"Saheb, Biwi Aur Gangster Returns",08-03-2013,"drama,thriller",Hindi,4800000,2216850,India,74
537,Saare Jahaan Se Mehnga,08-03-2013,"satire,comedy",Hindi,468000,826470,India,20
538,3G,15-03-2013,thriller,Hindi,300000,4800,India,53
539,Mere Dad Ki Maruti,15-03-2013,comedy,Hindi,240000,170400,India,62
540,Jolly LLB,15-03-2013,"satire,comedy",Hindi,720000,32400,India,29
541,Rangrezz,20-03-2013,action,Hindi,7560000,1615980,India,97
542,Himmatwala,29-03-2013,"action,comedy",Hindi,300000,8700,India,95
543,Chashme Baddoor,05-04-2013,comedy,Hindi,48000,10500,India,96
544,Nautanki Saala,12-04-2013,"romance,comedy",Hindi,36000,3300,India,40
545,Commando-A One Man Army,12-04-2013,"action,romance",Hindi,2520000,6288600,India,48
546,Ek Thi Daayan,19-04-2013,horror,Hindi,510000,133200,India,65
547,Aashiqui 2,26-04-2013,"musical,romance",Hindi,240000,3300,India,68
548,Shree,26-04-2013,thriller,Hindi,150000,118656,India,90
549,Shootout at Wadala,03-05-2013,"crime,thriller",Hindi,1800000,1555200,India,89
550,Bombay Talkies,03-05-2013,anthology,Hindi,1080000,116400,India,51
551,Chhota Bheem And The Throne of Bali,03-05-2013,"child,animation",Hindi,1440000,840,India,55
552,Go Goa Gone,10-05-2013,"zombie,comedy",Hindi,2880000,1953600,India,58
553,Gippi,10-05-2013,"coming,of,age",Hindi,1800000,1024800,India,67
554,Aurangzeb,17-05-2013,"action,drama",Hindi,600000,109200,India,22
555,I Don't Luv U,17-05-2013,"drama,romantic",Hindi,1080000,2299200,India,61
556,Beehad - The Ravines,17-05-2013,drama,Hindi,150000,52200,India,61
557,Ishkq in Paris,24-05-2013,romance,Hindi,84000,870,India,36
558,Hum Hai Raahi CAR Ke,24-05-2013,"comedy,romantic",Hindi,210000,870,India,80
559,Zindagi 50-50,24-05-2013,social,Hindi,240000,32400,India,95
560,Yeh Jawaani Hai Deewani,31-05-2013,"comedy,romantic",Hindi,9840000,10359840,India,54
561,Yamla Pagla Deewana 2,07-06-2013,"action,comedy",Hindi,6600000,12933810,India,33
562,Fukrey,14-06-2013,comedy,Hindi,16560000,12489000,India,24
563,Ankur Arora Murder Case,14-06-2013,thriller,Hindi,8520000,23319300,India,29
564,Raanjhanaa,21-06-2013,romance,Hindi,4800000,15187050,India,71
565,Enemmy,21-06-2013,action,Hindi,11400000,34982880,India,57
566,Romeo,21-06-2013,"romantic,thriller",Hindi,5040000,18166680,India,72
567,Ghanchakkar,28-06-2013,"comedy,thriller",Hindi,10680000,18541680,India,76
568,Lootera,05-07-2013,"romance,thriller",Hindi,8880000,6587340,India,46
569,Policegiri,05-07-2013,action,Hindi,19200000,32482950,India,35
570,Bhaag Milkha Bhaag,12-07-2013,biopic,Hindi,7200000,18379320,India,75
571,Sixteen,12-07-2013,drama,Hindi,36000,864,India,68
572,B.A. Pass,12-07-2013,drama,Hindi,360000,21000,India,49
573,Boyss Toh Boyss Hain,12-07-2013,comedy,Hindi,24000,15000,India,37
574,Ramaiya Vastavaiya,19-07-2013,"com,rom",Hindi,66000,43200,India,80
575,D Day,19-07-2013,"action,drama",Hindi,420000,448800,India,64
576,Ship of Theseus,19-07-2013,"avant,garde",Hindi,480000,188400,India,74
577,Issaq,26-07-2013,"drama,romance",Hindi,30000,25200,India,91
578,Bajatey Raho,26-07-2013,comedy,Hindi,1800000,10104270,India,92
579,Luv U Soniyo,26-07-2013,romance,Hindi,2760000,10943400,India,63
580,Nasha,26-07-2013,"erotic,thriller",Hindi,3840000,11261040,India,43
581,Rabba Main Kya Karoon,02-08-2013,comedy,Hindi,2640000,3409200,India,67
582,Chor Chor Super Chor,02-08-2013,comedy,Hindi,3840000,5117100,India,31
583,Calapor,02-08-2013,"drama,thriller",Hindi,2760000,8879490,India,94
584,Love in Bombay,02-08-2013,romance,Hindi,5400000,3734490,India,35
585,Chennai Express,09-08-2013,"action,comedy",Hindi,3720000,4272720,India,84
586,Once Upon Ay Time In Mumbai Dobaara!,15-08-2013,"crime,romance",Hindi,4920000,7411380,India,92
587,Madras Cafe,23-08-2013,"espionage,drama,thriller",Hindi,48000,420,India,65
588,Satyagraha,30-08-2013,"political,thriller",Hindi,1140000,2934420,India,34
589,Zanjeer,06-09-2013,"action,thriller",Hindi,420000,387600,India,68
590,Shuddh Desi Romance,06-09-2013,romance,Hindi,360000,20400,India,26
591,Siddharth,07-09-2013,drama,Hindi,2040000,5661360,India,61
592,Grand Masti,13-09-2013,"adult,comedy",Hindi,3240000,5694150,India,47
593,John Day,13-09-2013,thriller,Hindi,2760000,11022600,India,89
594,Horror Story,13-09-2013,horror,Hindi,1320000,1777200,India,22
595,Phata Poster Nikla Hero,20-09-2013,"com,rom,action",Hindi,2040000,2523600,India,66
596,The Lunchbox,20-09-2013,drama,Hindi,840000,2421600,India,97
597,Warning,27-09-2013,thriller,Hindi,96000,32400,India,45
598,Maazii,27-09-2013,"suspense,thriller",Hindi,420000,19800,India,45
599,Prague,27-09-2013,"psychological,romance,thriller",Hindi,300000,7800,India,60
600,Super Model,27-09-2013,drama,Hindi,18000,420,India,48
601,War Chhod Na Yaar,11-10-2013,"comedy,war",Hindi,330000,211200,India,44
602,Baat Ban Gayi,11-10-2013,comedy,Hindi,36000,5100,India,43
603,Ek Thee Sanam,11-10-2013,drama,Hindi,900000,767040,India,51
604,Paapi - Ek Satya Katha,11-10-2013,crime,Hindi,480000,63600,India,82
605,Boss,16-10-2013,masala,Hindi,150000,6600,India,53
606,Shahid,18-10-2013,"biography,drama",Hindi,120000,10500,India,26
607,Wake Up India,25-10-2013,"drama,political",Hindi,300000,26400,India,21
608,Amdavad Junction,25-10-2013,"crime,drama",Hindi,150000,16800,India,22
609,Dilli Gang,25-10-2013,crime,Hindi,120000,11400,India,70
610,Mickey Virus,25-10-2013,"comedy,thriller",Hindi,900000,370800,India,50
611,Ishk Actually,25-10-2013,romance,Hindi,180000,1800,India,47
612,Sooper Se Ooper,25-10-2013,comedy,Hindi,540000,27300,India,25
613,Krrish 3,01-11-2013,superhero,Hindi,180000,9000,India,95
614,Satya 2,08-11-2013,crime,Hindi,300000,6000,India,33
615,Rajjo,15-11-2013,romance,Hindi,330000,52800,India,77
616,Goliyon Ki Rasleela Ram-Leela,15-11-2013,"drama,romance",Hindi,180000,3900,India,28
617,Gori Tere Pyaar Mein,22-11-2013,"comedy,romance",Hindi,330000,21900,India,66
618,Singh Saab The Great,22-11-2013,action,Hindi,90000,5400,India,98
619,Bullett Raja,29-11-2013,"crime,romance,comedy",Hindi,2760000,1166175,India,40
620,R... Rajkumar,06-12-2013,"action,romance",Hindi,2400000,3950400,India,53
621,Jackpot,13-12-2013,"comedy,thriller",Hindi,3480000,1225080,India,21
622,What the Fish,13-12-2013,drama,Hindi,3360000,1134000,India,24
623,Dhoom 3,20-12-2013,action,Hindi,180000,24600,India,76
624,Mr Joe B. Carvalho,03-01-2014,comedy,Hindi,810000,870,India,27
625,Sholay 3D,03-01-2014,"adventure,action",Hindi,120000,2700,India,21
626,Dedh Ishqiya,10-01-2014,"black,comedy,thriller",Hindi,180000,4680,India,39
627,Yaariyan,10-01-2014,romance,Hindi,60000,13500,India,82
628,Karle Pyaar Karle,17-01-2014,romance,Hindi,54000,1200,India,72
629,Miss Lovely,17-01-2014,drama,Hindi,96000,7800,India,41
630,Om-Dar-Ba-Dar,17-01-2014,experimental,Hindi,510000,118800,India,74
631,Paranthe Wali Gali,17-01-2014,"comedy,romantic",Hindi,450000,73800,India,49
632,Strings Of Passion,17-01-2014,drama,Hindi,1080000,162000,India,83
633,Jai Ho,24-01-2014,"action,comedy",Hindi,720000,31800,India,32
634,One by Two,31-01-2014,"comedy,romance",Hindi,390000,31800,India,37
635,Babloo Happy Hai,07-02-2014,comedy,Hindi,270000,3240,India,95
636,Hasee Toh Phasee,07-02-2014,"comedy,romance",Hindi,660000,50400,India,50
637,Heartless,07-02-2014,thriller,Hindi,300000,15840,India,69
638,Ya Rab,07-02-2014,"social,drama",Hindi,2160000,1779345,India,82
639,Gunday,14-02-2014,action,Hindi,420000,48012,India,87
640,Kaho Na Kaho,14-02-2014,social,Hindi,720000,214026,India,77
641,Darr @ the Mall,21-02-2014,horror,Hindi,570000,100800,India,80
642,Dee Saturday Night,21-02-2014,drama,Hindi,1920000,940800,India,80
643,Gulabi Gang (film),21-02-2014,documentary,Hindi,420000,200400,India,27
644,Highway,21-02-2014,"drama,romance",Hindi,540000,156000,India,70
645,Karar: The Deal,21-02-2014,thriller,Hindi,4200000,1870200,India,39
646,Pyar Ka Live Show,21-02-2014,drama,Hindi,4920000,6312750,India,93
647,The Dark Secrets Of Tonhi,21-02-2014,"action,drama",Hindi,12960000,20252040,India,25
648,Anuradha,28-02-2014,drama,Hindi,900000,419160,India,45
649,Shaadi Ke Side Effects,28-02-2014,"comedy,romance",Hindi,1440000,283200,India,57
650,Gulaab Gang,07-03-2014,"social,action",Hindi,1440000,2568300,India,54
651,Queen,07-03-2014,"drama,romance",Hindi,3360000,9400410,India,41
652,Total Siyapaa,07-03-2014,"drama,comedy",Hindi,2400000,1654620,India,87
653,Bewakoofiyaan,14-03-2014,romance,Hindi,1200000,3860400,India,83
654,Neighbours: They Are Vampires,14-03-2014,horror,Hindi,2160000,416100,India,63
655,W,14-03-2014,thriller,Hindi,3360000,4683840,India,55
656,Ankhon Dekhi,21-03-2014,comedy,Hindi,5160000,4269825,India,97
657,Gang of Ghosts,21-03-2014,"horror,comedy",Hindi,7320000,14251560,India,49
658,Lakshmi,21-03-2014,drama,Hindi,690000,931500,India,83
659,Ragini MMS 2,21-03-2014,"adult,horror",Hindi,5880000,9906510,India,87
660,Dishkiyaoon,28-03-2014,action,Hindi,4200000,8107680,India,38
661,O Teri,28-03-2014,comedy,Hindi,2280000,2606925,India,46
662,Station: The Film,28-03-2014,thriller,Hindi,36000,6900,India,89
663,Youngistaan,28-03-2014,drama,Hindi,240000,182400,India,78
664,Ebn-E-Batuta,04-04-2014,"sci,fi,comedy",Hindi,210000,80400,India,84
665,Honour Killing,04-04-2014,social,Hindi,600000,34800,India,75
666,Jal,04-04-2014,"fantasy,drama",Hindi,18000,6000,India,29
667,Main Tera Hero,04-04-2014,comedy,Hindi,150000,58800,India,24
668,Bhoothnath Returns,11-04-2014,"fantasy,child",Hindi,120000,15900,India,50
669,2 States,18-04-2014,romance,Hindi,48000,11400,India,52
670,Dekh Tamasha Dekh,18-04-2014,comedy,Hindi,36000,7800,India,77
671,Lucky Kabootar,18-04-2014,"comedy,romance",Hindi,3600000,5045880,India,96
672,Kaanchi...,25-04-2014,"musical,drama",Hindi,30000,3300,India,38
673,Revolver Rani,25-04-2014,drama,Hindi,480000,325200,India,72
674,Samrat & Co.,25-04-2014,"mystery,drama,thriller",Hindi,780000,891600,India,26
675,Purani Jeans,02-05-2014,"drama,romance",Hindi,240000,30600,India,57
676,Kya Dilli Kya Lahore,02-05-2014,social,Hindi,360000,106800,India,28
677,Angry Young Man,02-05-2014,action,Hindi,540000,621000,India,59
678,Kahin Hai Mera Pyar,02-05-2014,romance,Hindi,54000,2100,India,70
679,Hawaa Hawaai,09-05-2014,drama,Hindi,3360000,3156300,India,82
680,Khwaabb,09-05-2014,"drama,romance",Hindi,3240000,1424400,India,84
681,Koyelaanchal,09-05-2014,action,Hindi,2760000,11690160,India,79
682,Manjunath,09-05-2014,drama,Hindi,1320000,142800,India,37
683,Mastram,09-05-2014,adult,Hindi,150000,3780,India,48
684,Yeh Hai Bakrapur,09-05-2014,comedy,Hindi,300000,112800,India,48
685,The Xpos??,16-05-2014,thriller,Hindi,150000,31200,India,46
686,Children of War,16-05-2014,drama,Hindi,1920000,8592000,India,63
687,M3 - Midsummer Midnight Mumbai,16-05-2014,mystery,Hindi,4800000,1992480,India,25
688,Heropanti,23-05-2014,"action,romance",Hindi,2280000,3101400,India,57
689,Kochadaiiyaan,23-05-2014,action,Hindi,12000,5100,India,67
690,City Lights,30-05-2014,drama,Hindi,120000,10500,India,50
691,Kuku Mathur Ki Jhand Ho Gayi,30-05-2014,comedy,Hindi,30000,6900,India,55
692,Filmistaan,06-06-2014,comedy,Hindi,330000,56400,India,47
693,Holiday,06-06-2014,"action,thriller",Hindi,1200000,978000,India,43
694,Fugly,13-06-2014,"drama,comedy",Hindi,4200000,6854100,India,63
695,Machhli Jal Ki Rani Hai,13-06-2014,horror,Hindi,4200000,11916000,India,84
696,Humshakals,20-06-2014,"romance,drama,comedy",Hindi,3840000,8653200,India,90
697,Ek Villain,27-06-2014,"romance,thriller",Hindi,3120000,1042560,India,85
698,Bobby Jasoos,04-07-2014,"drama,comedy",Hindi,96000,6600,India,67
699,Lekar Hum Deewana Dil,04-07-2014,"comedy,romance",Hindi,3360000,1333500,India,72
700,Humpty Sharma Ki Dulhania,11-07-2014,"comedy,romance",Hindi,1170000,2043600,India,97
701,Hate Story 2,18-07-2014,thriller,Hindi,1200000,367200,India,81
702,Bazaar-E-Husn,18-07-2014,drama,Hindi,2640000,10581210,India,94
703,Riyasat,18-07-2014,"action,drama",Hindi,240000,10200,India,56
704,Amit Sahni Ki List,18-07-2014,"comedy,romance",Hindi,108000,18000,India,38
705,Pizza,18-07-2014,horror,Hindi,300000,45300,India,66
706,Kick,25-07-2014,"action,comedy",Hindi,600000,193200,India,98
707,Entertainment,08-08-2014,comedy,Hindi,540000,814080,India,52
708,Singham Returns,15-08-2014,action,Hindi,1200000,706800,India,97
709,Life is Beautiful!,22-08-2014,romance,Hindi,60000,12000,India,77
710,Mad About Dance,22-08-2014,dance,Hindi,570000,99600,India,63
711,Mardaani,22-08-2014,"action,drama",Hindi,720000,182400,India,23
712,Mumbhai Connection,22-08-2014,comedy,Hindi,420000,602640,India,41
713,Abhinay Chakra,29-08-2014,"action,comedy",Hindi,390000,136800,India,53
714,Raja Natwarlal,29-08-2014,thriller,Hindi,420000,23400,India,58
715,Mary Kom,05-09-2014,drama,Hindi,900000,98400,India,66
716,Creature,12-09-2014,horror,Hindi,570000,12000,India,35
717,Finding Fanny,12-09-2014,"drama,comedy",Hindi,12000,8100,India,50
718,Daawat-E-Ishq,19-09-2014,"drama,comedy",Hindi,24000,1680,India,93
719,Khoobsurat,19-09-2014,"comedy,romance",Hindi,3900,5400,India,30
720,3 A.M.,26-09-2014,horror,Hindi,150000,21600,India,24
721,Chaarfutiya Chhokare,26-09-2014,thriller,Hindi,150000,21187.5,India,77
722,Desi Kattey,26-09-2014,"action,drama",Hindi,96000,1680,India,40
723,Meinu Ek Ladki Chaahiye,26-09-2014,"social,satire",Hindi,600000,138000,India,37
724,Balwinder Singh Famous Ho Gaya,26-09-2014,comedy,Hindi,510000,9000,India,26
725,Bang Bang!,02-10-2014,action,Hindi,630000,199200,India,51
726,Haider,02-10-2014,drama,Hindi,1440000,728400,India,41
727,Jigariyaa,10-10-2014,romance,Hindi,240000,15000,India,30
728,Ekkees Toppon Ki Salaami,10-10-2014,"satire,political",Hindi,90000,6000,India,34
729,Tamanchey,10-10-2014,"crime,romance",Hindi,840000,2587200,India,89
730,Mumbai 125 KM 3D,17-10-2014,horror,Hindi,510000,1540725,India,72
731,Sonali Cable,17-10-2014,"drama,comedy",Hindi,210000,13200,India,29
732,Happy New Year,24-10-2014,"action,comedy",Hindi,60000,4350,India,94
733,Mumbai Can Dance Saala,31-10-2014,drama,Hindi,36000,2160,India,35
734,Fireflies,31-10-2014,drama,Hindi,18000,10800,India,97
735,Roar - Tigers of Sunderbans,31-10-2014,"action,drama",Hindi,120000,6300,India,81
736,Super Nani,31-10-2014,drama,Hindi,48000,18300,India,77
737,Chaar Sahibzaade,06-11-2014,"historical,animation",Hindi,150000,9900,India,91
738,Rang Rasiya,07-11-2014,drama,Hindi,30000,2250,India,97
739,A Decent Arrangement,07-11-2014,drama,Hindi,1080000,870960,India,55
740,The Shaukeens,07-11-2014,comedy,Hindi,1320000,1317360,India,70
741,6 - 5 = 2,14-11-2014,"found,horror,footage",Hindi,114000,141600,India,97
742,Kill Dil,14-11-2014,"drama,romance",Hindi,1080000,1771200,India,58
743,Golu Aur Pappu,21-11-2014,comedy,Hindi,630000,1453440,India,50
744,Happy Ending,21-11-2014,"comedy,romance",Hindi,480000,1231464,India,22
745,Titoo MBA,21-11-2014,"comedy,romance",Hindi,1080000,382800,India,63
746,Wah Taj,21-11-2014,drama,Hindi,1200000,1084200,India,21
747,Hum Hai Teen Khurafaati,28-11-2014,comedy,Hindi,1080000,1401600,India,89
748,Ungli,28-11-2014,drama,Hindi,180000,18300,India,87
749,Zed Plus,28-11-2014,drama,Hindi,18000,3600,India,71
750,Zid,28-11-2014,"erotica,thriller",Hindi,780000,48000,India,45
751,Action Jackson,05-12-2014,comedy,Hindi,90000,9600,India,62
752,Bhopal: A Prayer for Rain,05-12-2014,drama,Hindi,180000,24000,India,72
753,Mumbai Delhi Mumbai,05-12-2014,drama,Hindi,1440000,8400,India,75
754,Sulemani Keeda,05-12-2014,"social,drama",Hindi,180000,61200,India,54
755,Take It Easy,05-12-2014,drama,Hindi,360000,46800,India,68
756,Badlapur Boys,12-12-2014,sport,Hindi,2160000,217500,India,60
757,Life Mein Twist Hai,12-12-2014,"drama,romance",Hindi,600000,78000,India,70
758,LUV...Phir Kabhie,12-12-2014,drama,Hindi,42000,6300,India,62
759,Main Aur Mr. Riight,12-12-2014,"romance,comedy",Hindi,2400000,3412800,India,78
760,Objection My God,12-12-2014,comedy,Hindi,3480000,1990680,India,58
761,Room - The Mystery,12-12-2014,"suspense,thriller",Hindi,1080000,223200,India,77
762,PK,19-12-2014,"drama,comedy",Hindi,480000,72000,India,43
763,Lingaa,26-12-2014,"action,thriller",Hindi,1560000,4323600,India,86
764,Ugly,26-12-2014,thriller,Hindi,72000,26400,India,63
765,International Hero,02-01-2015,drama,Hindi,720000,1290600,India,94
766,Mumbai Can Dance Saala,02-01-2015,thriller,Hindi,2280000,3456165,India,32
767,Take It Easy,02-01-2015,drama,Hindi,900000,41100,India,73
768,Tevar,09-01-2015,"action,romance",Hindi,180000,10200,India,52
769,Alone,16-01-2015,horror,Hindi,420000,184800,India,83
770,Crazy Cukkad Family,16-01-2015,comedy,Hindi,720000,662310,India,50
771,Sharafat Gayi Tel Lene,16-01-2015,"comedy,thriller",Hindi,3360000,906990,India,92
772,Baby,23-01-2015,thriller,Hindi,1320000,1017600,India,53
773,Dolly Ki Doli,23-01-2015,"comedy,romantic",Hindi,1440000,1290195,India,68
774,Chal Guru Ho Ja Shuru,30-01-2015,comedy,Hindi,960000,310464,India,82
775,Hawaizaada,30-01-2015,drama,Hindi,60000,2160,India,87
776,Khamoshiyan: Silences Have Secrets,30-01-2015,horror,Hindi,48000,6000,India,70
777,Rahasya,30-01-2015,mystery,Hindi,36000,3480,India,39
778,Jai Jawaan Jai Kisaan,06-02-2015,drama,Hindi,270000,12600,India,91
779,Shamitabh,06-02-2015,drama,Hindi,420000,37200,India,61
780,MSG: The Messenger,13-02-2015,"action,drama",Hindi,1560000,696840,India,80
781,Roy,13-02-2015,"romance,thriller",Hindi,1320000,1272000,India,84
782,Badlapur,20-02-2015,"action,thriller",Hindi,180000,16200,India,90
783,Qissa,20-02-2015,"historical,drama",Hindi,270000,183600,India,97
784,Ab Tak Chhappan 2,27-02-2015,"crime,drama",Hindi,120000,1440,India,71
785,Dum Laga Ke Haisha,27-02-2015,comedy,Hindi,360000,66600,India,96
786,Badmashiyaan,04-03-2015,"comedy,romantic",Hindi,300000,9900,India,26
787,Coffee Bloom,04-03-2015,"drama,romance",Hindi,750000,23400,India,69
788,Dirty Politics,04-03-2015,"drama,political",Hindi,480000,23400,India,46
789,Hey Bro,04-03-2015,comedy,Hindi,2520000,4556388,India,58
790,NH10,13-03-2015,thriller,Hindi,600000,57000,India,68
791,Dilliwali Zaalim Girlfriend,20-03-2015,comedy,Hindi,420000,130017.6,India,83
792,Hunterrr,20-03-2015,comedy,Hindi,330000,28200,India,68
793,Barkhaa,27-03-2015,romance,Hindi,1320000,448800,India,72
794,Detective Byomkesh Bakshy,02-04-2015,thriller,Hindi,960000,70800,India,61
795,Paisa Ho Paisa,02-04-2015,comedy,Hindi,1080000,615210,India,74
796,Luckhnowi Ishq,03-04-2015,romance,Hindi,60000,60000,India,76
797,Dharam Sankat Mein,10-04-2015,drama,Hindi,48000,840,India,97
798,Ek Paheli Leela,10-04-2015,musical,Hindi,720000,43200,India,25
799,Court,17-04-2015,drama,Hindi,240000,19500,India,24
800,Margarita with a Straw,17-04-2015,drama,Hindi,600000,16500,India,71
801,Mr. X,17-04-2015,"sci,fi,thriller",Hindi,300000,24000,India,69
802,NH-8 Road to Nidhivan,17-04-2015,horror,Hindi,330000,22200,India,81
803,Ek Adbhut Dakshina Guru Dakshina,17-04-2015,"drama,dance",Hindi,210000,6300,India,55
804,Ishq Ke Parindey,24-04-2015,romance,Hindi,48000,26400,India,70
805,Kaagaz Ke Fools,24-04-2015,comedy,Hindi,180000,78522,India,98
806,Gabbar is Back,01-05-2015,"crime,action",Hindi,240000,4800,India,30
807,Sabki Bajegi Band,01-05-2015,"drama,thriller",Hindi,210000,3000,India,45
808,Kuch Kuch Locha Hai,08-05-2015,comedy,Hindi,150000,79983,India,77
809,Piku,08-05-2015,"drama,comedy",Hindi,840000,68400,India,83
810,Bombay Velvet,15-05-2015,"crime,drama",Hindi,360000,13200,India,88
811,Main Hoon Rajinikanth,22-05-2015,"spoof,comedy,thriller",Hindi,54000,7800,India,39
812,Tanu Weds Manu Returns,22-05-2015,"comedy,romance",Hindi,48000,7800,India,75
813,I Love Desi,29-05-2015,comedy,Hindi,84000,3000,India,39
814,Ishqedarriyaan,29-05-2015,drama,Hindi,240000,4800,India,35
815,P Se PM Tak,29-05-2015,comedy,Hindi,2880000,636000,India,35
816,Welcome 2 Karachi,29-05-2015,comedy,Hindi,570000,100800,India,61
817,Dil Dhadakne Do,05-06-2015,drama,Hindi,540000,237432,India,20
818,Mere Genie Uncle 3D,05-06-2015,drama,Hindi,420000,27600,India,52
819,Hamari Adhuri Kahani,12-06-2015,"drama,romance",Hindi,1440000,273600,India,55
820,ABCD 2,19-06-2015,dance,Hindi,450000,122715,India,51
821,Miss Tanakpur Haazir Ho ,26-06-2015,"drama,comedy",Hindi,390000,32700,India,27
822,Uvaa,26-06-2015,"social,comedy",Hindi,120000,870,India,43
823,Bezubaan Ishq,03-07-2015,romance,Hindi,270000,30000,India,50
824,Guddu Rangeela,03-07-2015,comedy,Hindi,150000,54367.5,India,52
825,Second Hand Husband,03-07-2015,drama,Hindi,240000,6600,India,94
826,Baahubali,10-07-2015,action,Hindi,720000,3720,India,92
827,I Love NY,10-07-2015,"drama,romance",Hindi,660000,82122,India,23
828,Thoda Lutf Thoda Ishq,17-07-2015,"drama,romance",Hindi,330000,18600,India,28
829,Bajrangi Bhaijaan,24-07-2015,"drama,action,comedy",Hindi,720000,132000,India,85
830,Aisa Yeh Jahaan,24-07-2015,drama,Hindi,720000,411600,India,76
831,Masaan,31-07-2015,drama,Hindi,240000,9900,India,96
832,Drishyam,07-08-2015,"drama,thriller",Hindi,36000,3300,India,91
833,Bangistan,21-08-2015,comedy,Hindi,210000,10500,India,22
834,All Is Well,14-08-2015,drama,Hindi,150000,5100,India,40
835,Brothers,14-08-2015,drama,Hindi,480000,46800,India,85
836,Gour Hari Dastaan,21-08-2015,drama,Hindi,84000,89568.6,India,47
837,Manjhi - The Mountain Man,21-08-2015,drama,Hindi,78000,75040.8,India,33
838,Rolling Dream,28-08-2015,drama,Hindi,48000,37800,India,35
839,Kaun Kitney Paani Mein,28-08-2015,"social,drama",Hindi,60000,3000,India,84
840,Phantom,04-09-2015,"action,thriller",Hindi,96000,960,India,73
841,Welcome Back,11-09-2015,"comedy,romance",Hindi,24000,8100,India,89
842,Hero,11-09-2015,"action,romance",Hindi,30000,9600,India,85
843,Sorry Daddy,18-09-2015,"action,drama",Hindi,150000,5100,India,42
844,Katti Batti,18-09-2015,"comedy,romance",Hindi,9000,5100,India,90
845,Meeruthiya Gangster,18-09-2015,"crime,comedy",Hindi,300000,14700,India,38
846,MSG-2:The Messenger,25-09-2015,"action,thriller",Hindi,18000,6900,India,67
847,Kis Kisko Pyaar Karoon,25-09-2015,comedy,Hindi,3600000,418170,India,43
848,Calendar Girls,25-09-2015,drama,Hindi,240000,15600,India,72
849,Bhaag Johnny,25-09-2015,drama,Hindi,540000,126000,India,57
850,Time Out,25-09-2015,drama,Hindi,42000,5400,India,53
851,Singh Is Bliing,02-10-2015,comedy,Hindi,210000,7800,India,35
852,Talvar,02-10-2015,thriller,Hindi,2160000,1123200,India,25
853,Jazbaa,09-10-2015,"action,drama",Hindi,570000,45600,India,49
854,Bumper Draw,16-10-2015,comedy,Hindi,1440000,343200,India,70
855,Chinar Daastaan-E-Ishq,16-10-2015,"drama,romantic",Hindi,2760000,2822730,India,88
856,Pyaar Ka Punchnama 2,16-10-2015,comedy,Hindi,1440000,310800,India,46
857,Wedding Pullav,16-10-2015,comedy,Hindi,60000,510,India,33
858,Shaandaar,22-10-2015,"comedy,romance",Hindi,60000,3600,India,22
859,Titli,30-10-2015,crime,Hindi,300000,22200,India,61
860,Main Aur Charles,30-10-2015,thriller,Hindi,108000,1140,India,75
861,Once Upon A Time In Bihar,30-10-2015,political,Hindi,360000,78000,India,39
862,Guddu Ki Gun,30-10-2015,comedy,Hindi,2280000,3817800,India,38
863,Love Exchange,30-10-2015,romance,Hindi,4440000,4900440,India,22
864,Prithipal Singh... A Story,30-10-2015,biopic,Hindi,780000,444000,India,31
865,Four Pillars of Basement,06-11-2015,thriller,Hindi,900000,134400,India,48
866,Charlie Kay Chakkar Mein,06-11-2015,"crime,thriller",Hindi,1110000,428400,India,40
867,Yaara Silly Silly,06-11-2015,romance,Hindi,1800000,494400,India,93
868,Ranbanka,06-11-2015,action,Hindi,480000,30300,India,32
869,Prem Ratan Dhan Payo,12-11-2015,romance,Hindi,720000,122400,India,60
870,X,20-11-2015,anthology,Hindi,780000,188400,India,98
871,Angry Indian Goddesses,27-11-2015,drama,Hindi,360000,1946400,India,52
872,Tamasha,27-11-2015,romance,Hindi,360000,127200,India,33
873,Hate Story 3,04-12-2015,"adult,thriller",Hindi,540000,103200,India,22
874,Kajarya,04-12-2015,drama,Hindi,1140000,336000,India,35
875,The Silent Heroes,11-12-2015,adventure,Hindi,102000,40200,India,90
876,Bajirao Mastani,18-12-2015,romance,Hindi,150000,25200,India,60
877,Dilwale,18-12-2015,"action,romance",Hindi,36000,36000,India,75
878,Monsoon Shootout,01-01-2016,"neo,noir",Hindi,480000,11700,India,33
879,Wazir,08-01-2016,thriller,Hindi,42000,39900,India,82
880,Chalk n Duster,15-01-2016,drama,Hindi,120000,3840,India,47
881,Rebellious Flower,15-01-2016,biopic,Hindi,1440000,108000,India,88
882,Airlift,22-01-2016,"war,thriller",Hindi,2160000,3745989,India,52
883,Jugni,22-01-2016,"musical,drama",Hindi,1200000,1281360,India,24
884,Kyaa Kool Hain Hum 3,22-01-2016,"adult,comedy",Hindi,1020000,2068800,India,93
885,Saala Khadoos,29-01-2016,sport,Hindi,1200000,1514400,India,80
886,Mastizaade,29-01-2016,"adult,comedy",Hindi,270000,272400,India,78
887,Sanam Teri Kasam,05-02-2016,romance,Hindi,2760000,2505300,India,85
888,Ghayal Once Again,05-02-2016,"action,drama",Hindi,540000,485025,India,23
889,Fitoor,12-02-2016,"drama,romance",Hindi,270000,63600,India,62
890,Sanam Re,12-02-2016,romance,Hindi,570000,41400,India,92
891,Direct Ishq,19-02-2016,drama,Hindi,1920000,815625,India,89
892,Ishq Forever,19-02-2016,drama,Hindi,2040000,1246020,India,37
893,LoveShhuda,19-02-2016,romance,Hindi,1680000,1042200,India,82
894,Neerja,19-02-2016,"biopic,drama",Hindi,2280000,3839100,India,40
895,Dhara 302,26-02-2016,"action,drama",Hindi,1560000,894000,India,27
896,Aligarh,26-02-2016,"biopic,drama",Hindi,900000,681600,India,38
897,Bollywood Diaries,26-02-2016,drama,Hindi,1680000,163200,India,20
898,Love Shagun,26-02-2016,"comedy,romance",Hindi,180000,23100,India,47
899,Tere Bin Laden: Dead or Alive,26-02-2016,comedy,Hindi,840000,121200,India,31
900,Zubaan,04-03-2016,drama,Hindi,48000,870,India,86
901,Jai Gangaajal,04-03-2016,"action,drama",Hindi,300000,20400,India,52
902,Global Baba,11-03-2016,satire,Hindi,30000,5700,India,80
903,Teraa Surroor,11-03-2016,"action,romance,thriller",Hindi,24000,5700,India,21
904,OK Mein Dhokhe,11-03-2016,"drama,thriller",Hindi,840000,130800,India,54
905,Kapoor & Sons,18-03-2016,"drama,comedy",Hindi,150000,7800,India,48
906,Rocky Handsome,25-03-2016,action,Hindi,300000,16800,India,48
907,Ki & Ka,01-04-2016,"comedy,romance",Hindi,78000,174,India,21
908,Love Games,08-04-2016,thriller,Hindi,12000,420,India,60
909,The Blueberry Hunt,08-04-2016,thriller,Hindi,150000,3000,India,39
910,Fan,15-04-2016,"action,drama,thriller",Hindi,1020000,878400,India,77
911,Nil Battey Sannata,22-04-2016,"drama,comedy",Hindi,30000,12000,India,83
912,Laal Rang,22-04-2016,action,Hindi,330000,28200,India,46
913,Santa Banta Pvt Ltd,22-04-2016,comedy,Hindi,300000,34200,India,81
914,Baaghi,29-04-2016,action,Hindi,690000,120000,India,67
915,Shortcut Safari ,29-04-2016,"adventure,drama",Hindi,150000,11100,India,49
916,One Night Stand,06-05-2016,thriller,Hindi,72000,12000,India,51
917,Traffic,06-05-2016,thriller,Hindi,120000,2100,India,98
918,1920 London,06-05-2016,horror,Hindi,1680000,5622300,India,69
919,Azhar,13-05-2016,biopic,Hindi,48000,2400,India,21
920,Buddha in a Traffic Jam,13-05-2016,"drama,political",Hindi,360000,6600,India,29
921,Khel Toh Ab Shuru Hoga,13-05-2016,action,Hindi,72000,5100,India,78
922,Dear Dad,16-05-2016,drama,Hindi,270000,27600,India,23
923,Kaptaan,20-05-2016,comedy,Hindi,780000,166800,India,64
924,Sarbjit,20-05-2016,biopic,Hindi,240000,60000,India,96
925,Phobia,27-05-2016,thriller,Hindi,1080000,1971600,India,40
926,Veerappan,27-05-2016,action,Hindi,510000,42600,India,54
927,Fredrick,27-05-2016,"psychological,action,thriller",Hindi,360000,10800,India,46
928,Waiting,27-05-2016,drama,Hindi,1680000,1450992,India,35
929,Housefull 3,03-06-2016,comedy,Hindi,750000,210000,India,42
930,Do Lafzon Ki Kahani,10-06-2016,romantic,Hindi,450000,540000,India,68
931,Dhanak,10-06-2016,drama,Hindi,90000,2040,India,56
932,Te3n,10-06-2016,thriller,Hindi,36000,5580,India,57
933,Udta Punjab,17-06-2016,crime,Hindi,210000,44400,India,57
934,Luv U Alia,17-06-2016,romance,Hindi,540000,915600,India,89
935,Raman Raghav 2.0,24-06-2016,"crime,thriller",Hindi,600000,48000,India,46
936,Junooniyat,24-06-2016,romance,Hindi,900000,115200,India,68
937,7 Hours To Go,24-06-2016,"crime,thriller",Hindi,600000,98880,India,70
938,A Scandall,24-06-2016,adult,Hindi,1200000,520560,India,30
939,Rough Book,24-06-2016,drama,Hindi,150000,144939.6,India,90
940,Shorgul,01-07-2016,"drama,political",Hindi,240000,396888,India,26
941,Dil Toh Deewana Hai,01-07-2016,"romance,comedy",Hindi,120000,29400,India,79
942,Sultan,06-07-2016,"sport,drama",Hindi,180000,248400,India,91
943,Brahman Naman,06-07-2016,comedy,Hindi,18000,450,India,64
944,Great Grand Masti,15-07-2016,comedy,Hindi,150000,9000,India,70
945,Madaari,22-07-2016,drama,Hindi,30000,21600,India,22
946,Ishq Click,22-07-2016,"drama,romance",Hindi,960000,517200,India,55
947,M Cream,22-07-2016,"road,movie",Hindi,20400000,20188200,India,20
948,Kabali,29-07-2016,action,Hindi,23400000,96193440,India,33
949,Dishoom,29-07-2016,action,Hindi,1320000,832860,India,25
950,Love Ke Funday,29-07-2016,comedy,Hindi,3240000,6935760,India,34
951,The Legend of Michael Mishra,05-08-2016,"drama,romance",Hindi,48000,3300,India,30
952,Fever,05-08-2016,thriller,Hindi,180000,18300,India,39
953,Hai Apna Dil Toh Awara,05-08-2016,"romance,comedy",Hindi,240000,93600,India,62
954,Mohenjo Daro,12-08-2016,drama,Hindi,240000,15600,India,56
955,Rustom,12-08-2016,"romance,thriller",Hindi,1680000,1026690,India,28
956,Happy Bhaag Jayegi,19-08-2016,comedy,Hindi,3000000,644400,India,35
957,Waarrior Savitri,25-08-2016,action,Hindi,1080000,217200,India,60
958,A Flying Jatt,25-08-2016,"action,comedy",Hindi,420000,10500,India,94
959,Akira,02-09-2016,"action,drama",Hindi,270000,7500,India,56
960,Yea Toh Two Much Ho Gayaa,02-09-2016,"action,drama",Hindi,1200000,104400,India,44
961,Island City,02-09-2016,drama,Hindi,2520000,336900,India,70
962,Baar Baar Dekho,09-09-2016,"drama,romance",Hindi,60000,5700,India,64
963,Freaky Ali,09-09-2016,"comedy,sport,romantic",Hindi,18000,864,India,66
964,Ek Kahani Julie Ki,09-09-2016,thriller,Hindi,420000,7200,India,97
965,Raaz Reboot,16-09-2016,horror,Hindi,90000,1740,India,93
966,Pink,16-09-2016,drama,Hindi,18000,15600,India,43
967,Parched,23-09-2016,drama,Hindi,3840000,2095425,India,39
968,Banjo,23-09-2016,"drama,comedy",Hindi,1680000,1074540,India,54
969,Days of Tafree,23-09-2016,comedy,Hindi,2400000,4715340,India,92
970,Wah Taj,23-09-2016,satirical,Hindi,4560000,10343010,India,25
971,M.S. Dhoni: The Untold Story,30-09-2016,"sport,biopic",Hindi,3960000,5951100,India,58
972,Mirzya,07-10-2016,"drama,romance",Hindi,3000000,3608400,India,55
973,MSG: The Warrior Lion Heart,07-10-2016,"adventure,drama",Hindi,420000,56400,India,85
974,Tutak Tutak Tutiya,07-10-2016,"comedy,supernatural",Hindi,360000,14400,India,28
975,Anna ,14-10-2016,biographical,Hindi,3240000,3774600,India,88
976,Motu Patlu: King Of Kings,14-10-2016,"animation,adventure,action,comedy",Hindi,2280000,5882100,India,74
977,Beiimaan Love,14-10-2016,thriller,Hindi,3480000,13473660,India,56
978,Saat Uchakkey,14-10-2016,comedy,Hindi,1200000,326400,India,56
979,Fuddu,14-10-2016,drama,Hindi,1800000,578400,India,45
980,Aakhir Kab Tak,14-10-2016,"social,drama",Hindi,1440000,615600,India,40
981,Ek Tera Saath,21-10-2016,"supernatural,thriller",Hindi,1680000,340800,India,45
982,Umrika,21-10-2016,drama,Hindi,840000,195600,India,77
983,31st October,21-10-2016,"drama,thriller",Hindi,720000,84000,India,53
984,Shivaay,28-10-2016,"action,drama",Hindi,36000,420,India,27
985,Ae Dil Hai Mushkil,28-10-2016,"drama,romance",Hindi,480000,76800,India,34
986,Chaar Sahibzaade: Rise of Banda Singh Bahadur,11-11-2016,"animation,action,drama",Hindi,360000,57600,India,45
987,Dongri Ka Raja,11-11-2016,"action,thriller",Hindi,240000,18600,India,26
988,Ishq Junoon,11-11-2016,"erotic,romantic",Hindi,420000,4800,India,32
989,Rock On 2,11-11-2016,drama,Hindi,2520000,6769620,India,43
990,Tum Bin 2,18-11-2016,romance,Hindi,4680000,29237220,India,81
991,Force 2,18-11-2016,action,Hindi,2520000,1757610,India,72
992,Dear Zindagi,25-11-2016,drama,Hindi,480000,354300,India,31
993,Saansein,25-11-2016,"horror,romantic",Hindi,4680000,7794180,India,24
994,Moh Maya Money,25-11-2016,"crime,drama",Hindi,1440000,1211520,India,39
995,Kahaani 2,02-12-2016,thriller,Hindi,1020000,397200,India,42
996,Befikre,09-12-2016,romance,Hindi,2880000,1443600,India,78
997,Wajah Tum Ho,16-12-2016,"drama,romance",Hindi,1020000,634800,India,49
998,Dangal,23-12-2016,biopic,Hindi,240000,390,India,44
999,Haraamkhor,13-01-2017,"crime,comedy",Hindi,180000,8400,India,81
1000,Ok Jaanu,13-01-2017,"drama,romance",Hindi,54000,2100,India,29
1001,Coffee with D,20-01-2017,"crime,comedy",Hindi,420000,24000,India,54
1002,Kaabil,25-01-2017,"action,thriller",Hindi,30000,870,India,84
1003,Raees,25-01-2017,"crime,action",Hindi,18000,7800,India,73
1004,Jolly LLB 2,10-02-2017,drama,Hindi,720000,565200,India,22
1005,Hind Ka Napak Ko Jawab: MSG Lion Heart 2,10-02-2017,"action,drama",Hindi,180000,60000,India,61
1006,Runningshaadi.com,17-02-2017,comedy,Hindi,1200000,450000,India,80
1007,The Ghazi Attack,17-02-2017,action,Hindi,480000,187200,India,95
1008,Irada,17-02-2017,"drama,thriller",Hindi,780000,1462680,India,31
1009,Chauhar,17-02-2017,romance,Hindi,540000,388800,India,37
1010,Rangoon,24-02-2017,"drama,war",Hindi,120000,29400,India,80
1011,Wedding Anniversary,24-02-2017,"romance,thriller",Hindi,1200000,632400,India,91
1012,Mona Darling,24-02-2017,thriller,Hindi,750000,213870,India,75
1013,Commando 2,03-03-2017,action,Hindi,210000,10800,India,51
1014,Jeena Isi Ka Naam Hai,03-03-2017,"drama,romance",Hindi,390000,27600,India,95
1015,Badrinath Ki Dulhania,10-03-2017,"comedy,romance",Hindi,102000,21000,India,68
1016,Aa Gaya Hero,17-03-2017,"action,comedy",Hindi,72000,32400,India,66
1017,Trapped,17-03-2017,thriller,Hindi,210000,80400,India,66
1018,Machine,17-03-2017,"romance,thriller",Hindi,240000,36000,India,69
1019,Phillauri,24-03-2017,"comedy,romance",Hindi,72000,1860,India,54
1020,Bhanwarey,24-03-2017,comedy,Hindi,210000,30300,India,45
1021,Anaarkali of Aarah,24-03-2017,drama,Hindi,30000,2700,India,30
1022,Naam Shabana,31-03-2017,"action,thriller",Hindi,180000,8100,India,40
1023,Poorna: Courage Has No Limit,31-03-2017,adventure,Hindi,72000,39600,India,49
1024,Laali Ki Shaadi Mein Laaddoo Deewana,07-04-2017,"drama,comedy",Hindi,18000,5400,India,57
1025,Mirza Juuliet,07-04-2017,"drama,comedy",Hindi,18000,9600,India,32
1026,Mukti Bhawan,07-04-2017,drama,Hindi,120000,600,India,31
1027,Saanjh,14-04-2017,drama,Hindi,480000,31800,India,68
1028,Begum Jaan,14-04-2017,"period,drama",Hindi,330000,44400,India,96
1029,Romeo-N-Bullet,14-04-2017,romance,Hindi,300000,10800,India,60
1030,Noor,21-04-2017,"drama,comedy",Hindi,36000,1980,India,28
1031,Ek Thi Rani Aisi Bhi,21-04-2017,biopic,Hindi,270000,61200,India,21
1032,Maatr,21-04-2017,"drama,thriller",Hindi,24000,1560,India,38
1033,Ajab Singh Ki Gajab Kahani,21-04-2017,"drama,thriller",Hindi,150000,5400,India,80
1034,Mantostaan,05-05-2017,"anthology,drama",Hindi,108000,22200,India,24
1035,Meri Pyaari Bindu,12-05-2017,romance,Hindi,300000,8400,India,26
1036,Sarkar 3,12-05-2017,"crime,political,thriller",Hindi,210000,12900,India,79
1037,Half Girlfriend,19-05-2017,"drama,romance",Hindi,720000,114000,India,29
1038,Jattu Engineer,19-05-2017,comedy,Hindi,510000,37200,India,91
1039,Hindi Medium,19-05-2017,"drama,comedy",Hindi,150000,8280,India,45
1040,Chakallaspur,26-05-2017,"drama,romance",Hindi,750000,475200,India,37
1041,Sachin: A Billion Dreams,26-05-2017,biopic,Hindi,210000,34800,India,58
1042,Thodi Thodi Si Manmaaniyan,26-05-2017,romance,Hindi,1020000,2135400,India,54
1043,A Death in the Gunj,02-06-2017,"crime,drama",Hindi,420000,62400,India,25
1044,Hanuman: Da' Damdaar,02-06-2017,animation,Hindi,1440000,1350000,India,75
1045,Sweetiee Weds NRI,02-06-2017,"comedy,romance",Hindi,1800000,255600,India,98
1046,Dobaara: See Your Evil,02-06-2017,horror,Hindi,660000,102000,India,56
1047,Flat 211,02-06-2017,"mystery,suspense",Hindi,420000,391200,India,59
1048,Dear Maya,02-06-2017,"drama,thriller",Hindi,36000,12300,India,79
1049,Raabta,09-06-2017,"romance,thriller",Hindi,18000,870,India,48
1050,Behen Hogi Teri,09-06-2017,"comedy,romance",Hindi,720000,308400,India,93
1051,Bachche Kachche Sachche,09-06-2017,"child,drama",Hindi,72000,1680,India,71
1052,Love You Family,09-06-2017,drama,Hindi,150000,2280,India,96
1053,G Kutta Se,09-06-2017,drama,Hindi,60000,5100,India,35
1054,Bank Chor,16-06-2017,"comedy,thriller",Hindi,420000,17400,India,70
1055,Tubelight,23-06-2017,"action,drama",Hindi,240000,57600,India,27
1056,Ek Haseena Thi Ek Deewana Tha,30-06-2017,romance,Hindi,180000,19500,India,85
1057,Mom,07-07-2017,"drama,thriller",Hindi,30000,900,India,37
1058,Guest Iin London,07-07-2017,comedy,Hindi,24000,17400,India,86
1059,Jagga Jasoos,14-07-2017,"romance,comedy",Hindi,18000,6900,India,79
1060,Shab,14-07-2017,drama,Hindi,150000,14400,India,61
1061,Lipstick Under My Burkha,21-07-2017,"sex,drama",Hindi,240000,138000,India,64
1062,Munna Michael,21-07-2017,"action,romance",Hindi,102000,2760,India,79
1063,Raag Desh : Birth Of A Nation,28-07-2017,"action,period,drama",Hindi,120000,3000,India,79
1064,Indu Sarkar,28-07-2017,drama,Hindi,180000,18300,India,61
1065,Mubarakan,28-07-2017,"romance,comedy",Hindi,1560000,367200,India,27
1066,Gurgaon,04-08-2017,"neo,noir",Hindi,240000,15000,India,38
1067,Jab Harry Met Sejal,04-08-2017,romance,Hindi,540000,1382400,India,54
1068,Toilet: Ek Prem Katha,11-08-2017,"drama,comedy",Hindi,1080000,1078800,India,73
1069,Yeh Hai India,18-08-2017,"patriotic,drama",Hindi,720000,1761600,India,78
1070,Partition: 1947,18-08-2017,drama,Hindi,1560000,2336400,India,40
1071,Bareilly Ki Barfi,18-08-2017,"romance,comedy",Hindi,600000,423600,India,26
1072,A Gentleman,25-08-2017,"action,romance",Hindi,330000,52500,India,61
1073,Babumoshai Bandookbaaz,25-08-2017,action,Hindi,720000,297600,India,81
1074,Yadvi Â?? The Dignified Princess,25-08-2017,drama,Hindi,600000,21600,India,90
1075,Qaidi Band,25-08-2017,"musical,drama",Hindi,840000,1740000,India,68
1076,Baadshaho,01-09-2017,"crime,action,thriller",Hindi,240000,55200,India,55
1077,Shubh Mangal Savdhan,01-09-2017,"drama,comedy",Hindi,300000,404400,India,29
1078,Poster Boys,08-09-2017,comedy,Hindi,960000,338400,India,91
1079,Daddy,08-09-2017,"crime,drama",Hindi,210000,8400,India,41
1080,Simran,15-09-2017,drama,Hindi,1320000,50610,India,84
1081,Lucknow Central,15-09-2017,drama,Hindi,48000,3300,India,38
1082,Patel Ki Punjabi Shaadi,15-09-2017,"drama,comedy",Hindi,720000,65100,India,44
1083,Newton,22-09-2017,"dark,comedy",Hindi,300000,63600,India,33
1084,Bhoomi,22-09-2017,"action,drama",Hindi,270000,98400,India,86
1085,The Final Exit,22-09-2017,horror,Hindi,210000,13800,India,28
1086,JD,22-09-2017,"drama,thriller",Hindi,120000,3780,India,48
1087,Haseena Parkar,22-09-2017,biographic,Hindi,90000,21300,India,61
1088,Judwaa 2,29-09-2017,"action,comedy",Hindi,510000,37200,India,79
1089,Deepak,06-10-2017,"comedy,romantic",Hindi,108000,6000,India,62
1090,Chef,06-10-2017,comedy,Hindi,78000,8400,India,78
1091,Babu Ji Ek Ticket Bambai,06-10-2017,"social,drama",Hindi,7200000,2657700,India,40
1092,Mein Terrorist Nahi Hoon,06-10-2017,action,Hindi,66000,2940,India,39
1093,Ranchi Diaries,13-10-2017,"drama,thriller",Hindi,9960000,11414340,India,67
1094,Secret Superstar,19-10-2017,"musical,drama",Hindi,6000000,20968560,India,44
1095,Golmaal Again,20-10-2017,comedy,Hindi,15720000,10422870,India,52
1096,Jia aur Jia,27-10-2017,"road,film",Hindi,14160000,5176380,India,88
1097,Rukh,27-10-2017,drama,Hindi,2160000,5652900,India,39
1098,Ittefaq,03-11-2017,thriller,Hindi,9000000,35473560,India,87
1099,The House Next Door,03-11-2017,horror,Hindi,7920000,13044210,India,96
1100,Ribbon,03-11-2017,drama,Hindi,10440000,16396650,India,31
1101,Shaadi Mein Zaroor Aana,10-11-2017,"drama,romance",Hindi,11760000,27547470,India,59
1102,Qarib Qarib Singlle,10-11-2017,"comedy,romance",Hindi,690000,668805,India,55
1103,The Window,10-11-2017,"suspense,thriller",Hindi,7320000,17460480,India,40
1104,Aksar 2,17-11-2017,thriller,Hindi,5280000,11968500,India,80
1105,Panchlait,17-11-2017,"comedy,romantic",Hindi,5400000,4695960,India,20
1106,Tumhari Sulu,17-11-2017,"social,comedy",Hindi,1920000,4038930,India,50
1107,Dil Jo Na Keh Saka,17-11-2017,"drama,romantic",Hindi,2760000,7388700,India,64
1108,Julie 2,24-11-2017,"erotic,thriller",Hindi,4800000,8218500,India,24
1109,Ajji,24-11-2017,drama,Hindi,6000000,6722580,India,90
1110,Kadvi Hawa,24-11-2017,"disaster,drama",Hindi,1080000,261600,India,33
1111,Saankal,28-11-2017,drama,Hindi,660000,60000,India,53
1112,Tera Intezaar,01-12-2017,"romantic,thriller",Hindi,1320000,490800,India,35
1113,Firangi,01-12-2017,comedy,Hindi,3000000,5724780,India,42
1114,Fukrey Returns,08-12-2017,comedy,Hindi,360000,22500,India,87
1115,Game Over,08-12-2017,"suspense,thriller",Hindi,1200000,28200,India,71
1116,Sallu ki Shaadi,08-12-2017,"drama,comedy",Hindi,1200000,974400,India,94
1117,Monsoon Shootout,15-12-2017,"crime,thriller",Hindi,270000,43800,India,88
1118,Tiger Zinda Hai,22-12-2017,"action,drama",Hindi,1200000,321600,India,36
1119,1921,12-01-2018,Horror,Hindi,1800000,3330300,India,27
1120,Kaalakaandi,12-01-2018,Dark comedy,Hindi,780000,1019532,India,30
1121,Mukkabaaz,12-01-2018,Drama,Hindi,720000,477600,India,20
1122,My Birthday Song,19-01-2018,Psychological Thriller,Hindi,1500000,1570800,India,96
1123,Vodka Diaries,19-01-2018,Suspense Thriller,Hindi,2400000,4400670,India,73
1124,Nirdosh,19-01-2018,Thriller,Hindi,2520000,6806280,India,21
1125,Union Leader,19-01-2018,Drama,Hindi,2280000,1150200,India,93
1126,Padmaavat,25-01-2018,Period drama,Hindi,360000,23400,India,42
1127,Pad Man,09-02-2018,Comedy Drama,Hindi,1020000,178800,India,27
1128,Love Per Square Foot,14-02-2018,Romantic Comedy,Hindi,7680000,12478500,India,96
1129,Aiyaary,16-02-2018,Drama,Hindi,6120000,14378640,India,63
1130,Kuchh Bheege Alfaaz,16-02-2018,Romance,Hindi,1800000,3996000,India,63
1131,Jaane Kyun De Yaaron,16-02-2018,Drama,Hindi,2400000,5939760,India,45
1132,Sonu Ke Titu Ki Sweety,23-02-2018,Drama,Hindi,10560000,24177660,India,92
1133,Welcome To New York,23-02-2018,Comedy,Hindi,17400000,42744300,India,54
1134,Pari,02-03-2018,Thriller,Hindi,4800000,6252000,India,46
1135,Veerey Ki Wedding,02-03-2018,Drama,Hindi,3840000,5568780,India,81
1136,Billu Ustaad,02-03-2018,Drama,Hindi,9960000,17375850,India,65
1137,Hate Story 4,09-03-2018,Erotic thriller,Hindi,240000,228000,India,87
1138,Dil Juunglee,09-03-2018,Romantic/ Comedy,Hindi,480000,860400,India,33
1139,3 Storeys,09-03-2018,Thriller,Hindi,720000,26400,India,72
1140,Note Pe Chot at 8/11,09-03-2018,Satire/ Comedy,Hindi,36000,3000,India,21
1141,Raid,16-03-2018,"Action, thriller",Hindi,18000,6840,India,97
1142,Raja Abroadiya,16-03-2018,Comedy,Hindi,1020000,194400,India,51
1143,Hichki,23-03-2018,Drama,Hindi,84000,25200,India,59
1144,Pareshaan Parinda,23-03-2018,Thriller,Hindi,24000,2100,India,55
1145,Baa Baaa Black Sheep,23-03-2018,Comedy,Hindi,180000,20100,India,93
1146,Shaadi Teri Bajayenge Hum Band,23-03-2018,Comedy,Hindi,60000,26100,India,28
1147,Baaghi 2,30-03-2018,Action/Romance,Hindi,480000,81600,India,39
1148,Blackmail,06-04-2018,Comedy thriller,Hindi,510000,22500,India,27
1149,Missing,06-04-2018,Psychological Thriller,Hindi,18000,6600,India,41
1150,October,13-04-2018,Slice of lifeRomantic drama,Hindi,30000,4200,India,54
1151,Mercury,13-04-2018,Thriller,Hindi,12000,4200,India,30
1152,Zoo,13-04-2018,Drama,Hindi,210000,7200,India,38
1153,Beyond the Clouds,20-04-2018,Drama,Hindi,240000,2100,India,50
1154,Nanu Ki Jaanu,20-04-2018,Comedy,Hindi,2160000,529200,India,40
1155,Daas Dev,27-04-2018,Romantic thriller,Hindi,300000,100800,India,75
1156,Ishq Tera,27-04-2018,Thriller,Hindi,24000,12300,India,43
1157,Our Heroes,27-04-2018,Action,Hindi,180000,14400,India,84
1158,102 Not Out,04-05-2018,Comedy,Hindi,60000,3000,India,50
1159,Omerta,04-05-2018,Crime Drama,Hindi,1200000,225600,India,36
1160,Raazi,11-05-2018,Period Thriller,Hindi,72000,7200,India,62
1161,The Past,11-05-2018,Horror Thriller,Hindi,72000,15000,India,25
1162,Hope Aur Hum,11-05-2018,Drama,Hindi,480000,36600,India,20
1163,Falooda,11-05-2018,Comedy,Hindi,420000,41400,India,43
1164,Bhootwali Love Story,11-05-2018,Horror-Comedy,Hindi,720000,694800,India,39
1165,High Jack,18-05-2018,Comedy,Hindi,450000,158400,India,50
1166,Khajoor Pe Atke,18-05-2018,Comedy,Hindi,840000,14400,India,23
1167,Parmanu: The Story Of Pokhran,25-05-2018,Action/drama,Hindi,1320000,304275,India,65
1168,One Night Out,25-05-2018,Suspense thriller,Hindi,300000,22800,India,29
1169,Bioscopewala,25-05-2018,Drama,Hindi,390000,50400,India,93
1170,Veere Di Wedding,01-06-2018,Romantic comedy,Hindi,24000,3300,India,93
1171,Bhavesh Joshi Superhero,01-06-2018,Action,Hindi,1440000,1572570,India,96
1172,Phamous,01-06-2018,Drama/Action,Hindi,2280000,6087960,India,68
1173,Race 3,15-06-2018,Thriller,Hindi,4080000,15661320,India,88
1174,Sanju,29-06-2018,Biopic,Hindi,4680000,2427150,India,82
1175,Soorma,13-07-2018,Biopic,Hindi,3480000,996300,India,58
1176,When Obama Loved Osama,20-07-2018,Comedy,Hindi,1680000,3675150,India,96
1177,Dhadak,20-07-2018,Drama,Hindi,2160000,630000,India,68
1178,Ekta,26-07-2018,Horror/Thriller,Hindi,840000,5132160,India,46
1179,"Saheb, Biwi Aur Gangster 3",27-07-2018,Drama,Hindi,1140000,2487900,India,64
1180,Nawabzaade,27-07-2018,Romantic Comedy,Hindi,5040000,1307400,India,43
1181,Fanney Khan,03-08-2018,Musical comedy,Hindi,2520000,990240,India,47
1182,Mulk,03-08-2018,Drama,Hindi,18000,1860,India,61
1183,Brij Mohan Amar Rahe!,03-08-2018,Crime Comedy,Hindi,180000,7800,India,26
1184,Laxmi and Tikli Bomb,03-08-2018,Drama,Hindi,300000,14400,India,60
1185,Karwaan,03-08-2018,Comedy,Hindi,330000,26400,India,44
1186,Gold,15-08-2018,Sports/Drama,Hindi,720000,690000,India,94
1187,Satyameva Jayate,15-08-2018,Action/Thriller,Hindi,60000,4200,India,40
1188,Happy Phirr Bhag Jayegi,24-08-2018,Comedy,Hindi,390000,31200,India,34
1189,Genius,24-08-2018,,Hindi,120000,70800,India,26
1190,Yamla Pagla Deewana: Phir Se,31-08-2018,Comedy,Hindi,42000,7200,India,69
1191,Stree,31-08-2018,Horror Comedy,Hindi,780000,1000800,India,91
1192,Paltan,07-09-2018,Action/War,Hindi,540000,513660,India,63
1193,Laila Majnu,07-09-2018,Drama/Romance,Hindi,240000,15300,India,66
1194,Gali Guleiyan,07-09-2018,Psychological drama,Hindi,240000,84000,India,34
1195,Halkaa,07-09-2018,Drama,Hindi,540000,151200,India,20
1196,Manmarziyaan,14-09-2018,Romantic/ Drama,Hindi,960000,322800,India,22
1197,Love Sonia,14-09-2018,Drama,Hindi,2400000,1794000,India,56
1198,Turning Point,14-09-2018,Action/Drama/Musical,Hindi,330000,34800,India,73
1199,Bajra vs Burger,14-09-2018,Comedy,Hindi,2160000,309600,India,40
1200,Kathor,14-09-2018,Drama,Hindi,3240000,710400,India,42
1201,22 Days,14-09-2018,Drama,Hindi,3960000,315600,India,62
1202,Mitron,14-09-2018,Comedy,Hindi,180000,3000,India,40
1203,Batti Gul Meter Chalu,21-09-2018,"Romance, Social Drama",Hindi,240000,9000,India,85
1204,Manto,21-09-2018,Biographical,Hindi,480000,150000,India,94
1205,Ishqeria,21-09-2018,Romance,Hindi,84000,16500,India,60
1206,Sui Dhaaga,28-09-2018,"Romance, Social Drama",Hindi,84000,1920,India,39
1207,Pataakha,28-09-2018,Drama,Hindi,48000,5700,India,27
1208,Loveyatri,05-10-2018,Romantic,Hindi,150000,3600,India,45
1209,Andhadhun,05-10-2018,Romantic thriller,Hindi,540000,36000,India,23
1210,Jalebi,12-10-2018,Romance,Hindi,930000,16800,India,73
1211,Helicopter Eela,12-10-2018,Drama,Hindi,210000,105078.6,India,47
1212,Maal road dilli,12-10-2018,Drama,Hindi,600000,34800,India,47
1213,FryDay,12-10-2018,Comedy,Hindi,18000,2760,India,56
1214,Tumbbad,12-10-2018,Suspense Thriller,Hindi,450000,32400,India,73
1215,Namaste England,18-10-2018,Romantic comedy,Hindi,5520000,12414000,India,49
1216,Badhaai Ho,18-10-2018,Romantic comedy,Hindi,11280000,19384500,India,23
1217,Baazaar,26-10-2018,Crime,Hindi,480000,770550,India,97
1218,5 Weddings,26-10-2018,"Comedy, Romance, Drama",Hindi,6360000,15028170,India,37
1219,Kaashi in Search of Ganga,26-10-2018,Suspense thriller,Hindi,6720000,14342100,India,92
1220,Dassehra,26-10-2018,Action Thriller,Hindi,8640000,10132800,India,96
1221,The Journey of Karma,26-10-2018,Erotic thriller,Hindi,2760000,4470360,India,27
1222,Lupt,02-11-2018,Horror,Hindi,300000,8700,India,68
1223,Jack and Dil,02-11-2018,Comedy,Hindi,2040000,3915900,India,36
1224,Mausam Ikrar Ke Do Pal Pyaar Ke,02-11-2018,Romantic Family Drama,Hindi,6360000,7743510,India,70
1225,Thugs of Hindostan,08-11-2018,Period action/adventure,Hindi,2280000,4611000,India,90
1226,Mohalla Assi,16-11-2018,Drama,Hindi,6840000,4560660,India,95
1227,Pihu,16-11-2018,Thriller,Hindi,3720000,1265940,India,72
1228,Hotel Milan,16-11-2018,Comedy,Hindi,6000000,5158380,India,66
1229,Bhaiaji Superhit,23-11-2018,Action/Comedy,Hindi,7680000,10442400,India,61
1230,Rajma Chawal,30-11-2018,Drama,Hindi,1320000,6867600,India,92
1231,Kedarnath,07-12-2018,Drama,Hindi,3600000,8297400,India,55
1232,PK Lele A Salesman,14-12-2018,Adult-comedy,Hindi,7200000,8760600,India,34
1233,Zero,21-12-2018,Comedy/drama,Hindi,6240000,6465900,India,71
1234,Simmba,28-12-2018,Action Comedy,Hindi,54000,2400,India,70
1235,Uri: The Surgical Strike,11-01-2019,Action,Hindi,120000,3000,India,68
1236,Battalion 609,11-01-2019,Action,Hindi,36000,2100,India,79
1237,The Accidental Prime Minister,11-01-2019,Biopic,Hindi,30000,900,India,79
1238,Why Cheat India,18-01-2019,Drama,Hindi,42000,32400,India,20
1239,Fraud Saiyaan,18-01-2019,Comedy,Hindi,4920000,26312400,India,95
1240,Soni,18-01-2019,Crime Drama,Hindi,17400000,69274500,India,82
1241,72 Hours: Martyr Who Never Died,18-01-2019,Biographical Drama,Hindi,25200000,67812240,India,68
1242,Bombairiya,18-01-2019,Black comedy,Hindi,7320000,22007850,India,26
1243,Rangeela Raja,18-01-2019,Comedy,Hindi,7560000,7336800,India,69
1244,The Lift Boy,18-01-2019,Drama/ Coming of Age,Hindi,10080000,29908200,India,25
1245,Thackeray,25-01-2019,Biographical,Hindi,1800000,5666700,India,33
1246,Manikarnika: The Queen of Jhansi,25-01-2019,Biographical,Hindi,3360000,12109380,India,82
1247,Ek Ladki Ko Dekha Toh Aisa Laga,01-02-2019,Romance,Hindi,1320000,603000,India,72
1248,The Fakir of Venice,08-02-2019,Drama,Hindi,11040000,36997800,India,21
1249,Amavas,08-02-2019,Horror/Thriller,Hindi,15000000,72479280,India,55
1250,Gully Boy,14-02-2019,Biopic,Hindi,16200000,24958800,India,79
1251,Hum Chaar,15-02-2019,Drama,Hindi,5160000,6268800,India,76
1252,Total Dhamaal,22-02-2019,Comedy,Hindi,6240000,11187600,India,38
1253,Luka Chuppi,01-03-2019,Romantic comedy,Hindi,4560000,1753650,India,81
1254,Sonchiriya,01-03-2019,Crime Drama,Hindi,2520000,2778480,India,28
1255,Badla,08-03-2019,Drama /Thriller,Hindi,3120000,4748940,India,21
1256,Hamid,15-03-2019,Drama,Hindi,2520000,2473350,India,89
1257,Photograph,15-03-2019,Drama,Hindi,600000,710025,India,74
1258,Milan Talkies,15-03-2019,Drama,Hindi,16800000,42216000,India,65
1259,Mere Pyare Prime Minister,15-03-2019,Social Drama,Hindi,8400000,28126800,India,96
1260,Kesari,21-03-2019,Drama/historical,Hindi,12240000,22345440,India,30
1261,Mard Ko Dard Nahi Hota,21-03-2019,Action Comedy,Hindi,21600000,43854900,India,66
1262,Notebook,29-03-2019,Drama,Hindi,5760000,3746400,India,97
1263,Junglee,29-03-2019,Action,Hindi,1680000,3337800,India,23
1264,Romeo Akbar Walter,05-04-2019,Action thriller,Hindi,7560000,4958160,India,75
1265,Albert Pinto Ko Gussa Kyun Aata Hai?,12-04-2019,Thriller,Hindi,2280000,275400,India,82
1266,The Tashkent Files,12-04-2019,Thriller,Hindi,420000,5700,India,89
1267,Kalank,17-04-2019,Period drama / thriller,Hindi,150000,840,India,92
1268,Blank,03-05-2019,Action Thriller,Hindi,450000,26700,India,66
1269,Setters,03-05-2019,Thriller,Hindi,78000,840,India,71
1270,Student of the Year 2,10-05-2019,Romantic comedy,Hindi,4080000,1545510,India,65
1271,De De Pyaar De,17-05-2019,Romantic comedy,Hindi,150000,55200,India,29
1272,India's Most Wanted,24-05-2019,Thriller,Hindi,360000,48000,India,21
1273,PM Narendra Modi,24-05-2019,Biopic,Hindi,240000,58800,India,45
1274,Bharat,05-06-2019,Drama,Hindi,24000,8700,India,25
1275,Khamoshi,14-06-2019,Horror,Hindi,960000,85200,India,83
1276,Kabir Singh,21-06-2019,Drama,Hindi,180000,63030,India,62
1277,Article 15,28-06-2019,Drama/ Thriller,Hindi,90000,89601,India,51
1278,Malaal,05-07-2019,Romance,Hindi,78000,27300,India,50
1279,One Day: Justice Delivered,05-07-2019,Action Thriller,Hindi,24000,432,India,76
1280,Hume Tumse Pyaar Kitna,05-07-2019,Romantic thriller,Hindi,1680000,1083600,India,31
1281,Super 30,12-07-2019,Biopic,Hindi,42000,840,India,69
1282,Family of Thakurganj,19-07-2019,Family Drama,Hindi,300000,12300,India,65
1283,Jhootha Kahin Ka,19-07-2019,Comedy,Hindi,150000,15900,India,86
1284,Judgementall Hai Kya,26-07-2019,"Thriller, Comedy",Hindi,2640000,454200,India,38
1285,Arjun Patiala,26-07-2019,Romantic Comedy,Hindi,840000,769200,India,80
1286,Khandaani Shafakhana,02-08-2019,Comedy,Hindi,2760000,380400,India,21
1287,Jabariya Jodi,09-08-2019,Romantic Comedy,Hindi,4320000,2671440,India,54
1288,Chicken Curry Law,09-08-2019,Drama,Hindi,2640000,4660440,India,38
1289,Pranaam,09-08-2019,Action,Hindi,1320000,391590,India,66
1290,Batla House,15-08-2019,Action,Hindi,3480000,8465400,India,31
1291,Mission Mangal,15-08-2019,Drama,Hindi,3600000,2433600,India,83
1292,Saaho,30-08-2019,Action,Hindi,1140000,1284150,India,96
1293,Chhichhore,06-09-2019,Comedy-Drama,Hindi,3600000,1073100,India,97
1294,Dream Girl,13-09-2019,Comedy,Hindi,3720000,1845300,India,52
1295,Section 375,13-09-2019,crime thriller,Hindi,3000000,1389600,India,37
1296,The Zoya Factor,20-09-2019,Drama,Hindi,2280000,15144000,India,93
1297,Pal Pal Dil Ke Paas,20-09-2019,Drama/Romance,Hindi,3840000,2286600,India,33
1298,Prassthanam,20-09-2019,Drama,Hindi,1560000,115200,India,39
1299,Jhalki,27-09-2019,Drama,Hindi,1560000,2121630,India,90
1300,War,02-10-2019,"Action, Thriller",Hindi,2040000,978900,India,87
1301,The Sky Is Pink,11-10-2019,Biopic,Hindi,4440000,4029600,India,62
1302,Lootcase,11-10-2019,Comedy Drama,Hindi,210000,3600,India,72
1303,P Se Pyaar F Se Faraar,18-10-2019,Drama,Hindi,300000,193320,India,30
1304,Ghost,18-10-2019,Horror Thriller,Hindi,18000,960,India,86
1305,Laal Kaptaan,18-10-2019,Action,Hindi,120000,14100,India,32
1306,Yaaram,18-10-2019,Romantic drama,Hindi,600000,99600,India,95
1307,Housefull 4,25-10-2019,Comedy,Hindi,570000,133200,India,98
1308,Saand Ki Aankh,25-10-2019,Biopic,Hindi,18000,780,India,67
1309,Made In China,25-10-2019,Comedy,Hindi,240000,27300,India,23
1310,Bypass Road,01-11-2019,Horror Thriller,Hindi,18000,1800,India,44
1311,Marjaavaan,08-11-2019,Action/Romance,Hindi,60000,44400,India,93
1312,Shikara - A Love Letter from Kashmir,08-11-2019,Historical/Romance,Hindi,1200000,414000,India,46
1313,Bala,15-11-2019,Black Comedy,Hindi,18000,10500,India,68
1314,Pagalpanti,22-11-2019,Comedy,Hindi,30000,25200,India,71
1315,Dil Bechara,29-11-2019,Romantic drama,Hindi,30000,43200,India,23
1316,Jawaani Jaaneman,29-11-2019,Romantic drama,Hindi,18000,18300,India,53
1317,Panipat,06-12-2019,Action/battle,Hindi,24000,21300,India,90
1318,"Pati, Patni Aur Woh",06-12-2019,Comedy,Hindi,30000,25800,India,83
1319,Mardaani 2,13-12-2019,Crime Thriller,Hindi,18000,12900,India,89
1320,Dabangg 3,20-12-2019,Action,Hindi,36000,26400,India,83
1321,Good News,27-12-2019,Comedy,Hindi,12000,13200,India,89
